step,experiment,solver,network,n_requests,run,capacity,tw_duration,threads,runtime_ms,num_routes,total_served,total_lu_cost,total_distance,pareto_size,clusters,prefixes_explored,prefixes_pruned,pruned_capacity,pruned_lu_bound,pruned_seed_lu,backtrack_calls,cluster_orderings,cross_product,valid_orderings,seed_lu,seed_dist,lb_lu,status,timeout
step1,core_comparison,OptLoad,oldenburg,2,1,,,,167,1,4,4,11206.29,1,3,7,0,0,0,0,7,3,2,2,20,28200.20,14,success,0
step1,core_comparison,OptLoad,oldenburg,2,2,,,,65,0,0,0,0.00,0,4,0,0,0,0,0,0,0,1,0,16,22832.28,16,success,0
step1,core_comparison,OptLoad,oldenburg,2,3,,,,58,0,0,0,0.00,0,3,0,0,0,0,0,0,0,1,0,6,14066.90,6,success,0
step1,core_comparison,OptLoad,oldenburg,2,4,,,,118,0,0,0,0.00,0,3,0,0,0,0,0,0,0,1,0,8,34123.31,8,success,0
step1,core_comparison,OptLoad,oldenburg,2,5,,,,166,1,0,20,18355.88,1,2,9,2,0,0,2,9,2,1,1,30,17704.03,20,success,0
step1,core_comparison,OptLoad,oldenburg,2,6,,,,160,1,6,13,14407.59,1,3,7,0,0,0,0,7,3,2,2,22,18933.30,12,success,0
step1,core_comparison,OptLoad,oldenburg,2,7,,,,91,1,0,14,15732.40,1,2,8,2,0,0,2,8,2,1,1,18,18302.86,14,success,0
step1,core_comparison,OptLoad,oldenburg,2,8,,,,98,0,0,0,0.00,0,3,4,0,0,0,0,4,2,0,0,20,14950.63,12,success,0
step1,core_comparison,OptLoad,oldenburg,2,9,,,,122,1,0,20,16853.56,1,2,10,1,0,0,1,10,2,1,1,22,18383.95,14,success,0
step1,core_comparison,OptLoad,oldenburg,2,10,,,,80,0,0,0,0.00,0,3,0,0,0,0,0,0,0,1,0,12,24590.00,12,success,0
step1,core_comparison,Exact,oldenburg,2,1,,,,172,2,7,14,41594.71,2,,,,,,,,,,,,,,success,0
step1,core_comparison,Exact,oldenburg,2,2,,,,162,1,5,10,15655.90,1,,,,,,,,,,,,,,success,0
step1,core_comparison,Exact,oldenburg,2,3,,,,67,1,1,2,10540.87,1,,,,,,,,,,,,,,success,0
step1,core_comparison,Exact,oldenburg,2,4,,,,176,1,3,6,22007.33,1,,,,,,,,,,,,,,success,0
step1,core_comparison,Exact,oldenburg,2,5,,,,119,2,15,30,27041.27,2,,,,,,,,,,,,,,success,0
step1,core_comparison,Exact,oldenburg,2,6,,,,137,2,6,12,18100.97,2,,,,,,,,,,,,,,success,0
step1,core_comparison,Exact,oldenburg,2,7,,,,137,1,5,10,13469.92,1,,,,,,,,,,,,,,success,0
step1,core_comparison,Exact,oldenburg,2,8,,,,95,2,6,12,16875.30,2,,,,,,,,,,,,,,success,0
step1,core_comparison,Exact,oldenburg,2,9,,,,115,3,14,36,38253.10,3,,,,,,,,,,,,,,success,0
step1,core_comparison,Exact,oldenburg,2,10,,,,153,1,5,10,13197.43,1,,,,,,,,,,,,,,success,0
step1,core_comparison,Insertion,oldenburg,2,1,,,,120,1,4,8,19207.84,1,,,,,,,,,,,,,,success,0
step1,core_comparison,Insertion,oldenburg,2,2,,,,151,1,5,10,15655.90,1,,,,,,,,,,,,,,success,0
step1,core_comparison,Insertion,oldenburg,2,3,,,,66,1,1,2,10540.87,1,,,,,,,,,,,,,,success,0
step1,core_comparison,Insertion,oldenburg,2,4,,,,167,1,3,6,22007.33,1,,,,,,,,,,,,,,success,0
step1,core_comparison,Insertion,oldenburg,2,5,,,,100,1,10,20,18355.88,1,,,,,,,,,,,,,,success,0
step1,core_comparison,Insertion,oldenburg,2,6,,,,119,1,5,10,6882.43,1,,,,,,,,,,,,,,success,0
step1,core_comparison,Insertion,oldenburg,2,7,,,,124,1,5,10,13469.92,1,,,,,,,,,,,,,,success,0
step1,core_comparison,Insertion,oldenburg,2,8,,,,87,1,2,4,12800.32,1,,,,,,,,,,,,,,success,0
step1,core_comparison,Insertion,oldenburg,2,9,,,,128,1,7,22,18383.95,1,,,,,,,,,,,,,,success,0
step1,core_comparison,Insertion,oldenburg,2,10,,,,136,1,5,10,13197.43,1,,,,,,,,,,,,,,success,0
step1,core_comparison,LIFO,oldenburg,2,1,,,,92,1,4,8,19207.84,1,,,,,,,,,,,,,,success,0
step1,core_comparison,LIFO,oldenburg,2,2,,,,102,1,8,16,22832.28,1,,,,,,,,,,,,,,success,0
step1,core_comparison,LIFO,oldenburg,2,3,,,,51,1,3,6,14066.90,1,,,,,,,,,,,,,,success,0
step1,core_comparison,LIFO,oldenburg,2,4,,,,118,1,4,8,34123.31,1,,,,,,,,,,,,,,success,0
step1,core_comparison,LIFO,oldenburg,2,5,,,,69,1,10,25,9779.09,1,,,,,,,,,,,,,,success,0
step1,core_comparison,LIFO,oldenburg,2,6,,,,72,1,6,17,15444.99,1,,,,,,,,,,,,,,success,0
step1,core_comparison,LIFO,oldenburg,2,7,,,,80,1,7,18,18302.86,1,,,,,,,,,,,,,,success,0
step1,core_comparison,LIFO,oldenburg,2,8,,,,75,1,6,16,14863.19,1,,,,,,,,,,,,,,success,0
step1,core_comparison,LIFO,oldenburg,2,9,,,,81,1,7,22,18383.95,1,,,,,,,,,,,,,,success,0
step1,core_comparison,LIFO,oldenburg,2,10,,,,103,1,6,12,24590.00,1,,,,,,,,,,,,,,success,0
step1,core_comparison,FoodMatch,oldenburg,2,1,,,,83,1,4,8,19207.84,1,,,,,,,,,,,,,,success,0
step1,core_comparison,FoodMatch,oldenburg,2,2,,,,85,1,8,16,22832.28,1,,,,,,,,,,,,,,success,0
step1,core_comparison,FoodMatch,oldenburg,2,3,,,,48,1,3,6,14066.90,1,,,,,,,,,,,,,,success,0
step1,core_comparison,FoodMatch,oldenburg,2,4,,,,112,1,4,11,25147.72,1,,,,,,,,,,,,,,success,0
step1,core_comparison,FoodMatch,oldenburg,2,5,,,,73,1,10,25,9779.09,1,,,,,,,,,,,,,,success,0
step1,core_comparison,FoodMatch,oldenburg,2,6,,,,74,1,5,10,6882.43,1,,,,,,,,,,,,,,success,0
step1,core_comparison,FoodMatch,oldenburg,2,7,,,,73,1,7,14,15732.40,1,,,,,,,,,,,,,,success,0
step1,core_comparison,FoodMatch,oldenburg,2,8,,,,56,1,6,14,5391.06,1,,,,,,,,,,,,,,success,0
step1,core_comparison,FoodMatch,oldenburg,2,9,,,,56,1,4,8,8304.83,1,,,,,,,,,,,,,,success,0
step1,core_comparison,FoodMatch,oldenburg,2,10,,,,84,1,1,2,17255.87,1,,,,,,,,,,,,,,success,0
step1,core_comparison,OptLoad,oldenburg,5,1,,,,957,2,28,86,52533.08,2,6,32,0,0,0,0,32,12,20,20,64,44161.02,32,success,0
step1,core_comparison,OptLoad,oldenburg,5,2,,,,814,1,5,10,18009.64,1,5,25,0,0,0,0,25,8,8,8,74,56518.88,26,success,0
step1,core_comparison,OptLoad,oldenburg,5,3,,,,550,1,8,16,28577.47,1,5,30,3,0,0,3,30,7,4,4,46,44443.74,30,success,0
step1,core_comparison,OptLoad,oldenburg,5,4,,,,1218,2,28,112,51675.50,2,5,33,0,0,0,0,33,11,32,32,94,34871.84,34,success,0
step1,core_comparison,OptLoad,oldenburg,5,5,,,,478,1,7,10,14577.34,1,5,13,0,0,0,0,13,6,4,4,56,60253.86,32,success,0
step1,core_comparison,OptLoad,oldenburg,5,6,,,,742,1,6,16,11897.20,1,6,32,0,0,0,0,32,9,6,6,66,33681.78,24,success,0
step1,core_comparison,OptLoad,oldenburg,5,7,,,,229,2,30,120,58142.79,2,6,15,0,0,0,0,15,7,2,2,108,43259.61,38,success,0
step1,core_comparison,OptLoad,oldenburg,5,8,,,,279,1,0,30,38152.88,1,5,11,0,0,0,0,11,5,1,1,70,63577.96,32,success,0
step1,core_comparison,OptLoad,oldenburg,5,9,,,,254,1,10,30,14992.23,1,6,14,0,0,0,0,14,7,2,2,110,57026.58,46,success,0
step1,core_comparison,OptLoad,oldenburg,5,10,,,,751,2,18,54,47508.10,2,5,35,3,0,0,3,35,8,6,6,64,51451.66,30,success,0
step1,core_comparison,Exact,oldenburg,5,1,,,,198439,13,107,246,266241.24,13,,,,,,,,,,,,,,success,0
step1,core_comparison,Exact,oldenburg,5,2,,,,362530,5,15,40,95778.31,5,,,,,,,,,,,,,,success,0
step1,core_comparison,Exact,oldenburg,5,3,,,,297547,12,93,236,249600.42,12,,,,,,,,,,,,,,success,0
step1,core_comparison,Exact,oldenburg,5,4,,,,265191,15,129,380,297304.19,15,,,,,,,,,,,,,,success,0
step1,core_comparison,Exact,oldenburg,5,5,,,,400456,7,38,98,122529.15,7,,,,,,,,,,,,,,success,0
step1,core_comparison,Exact,oldenburg,5,6,,,,202859,11,56,148,168950.58,11,,,,,,,,,,,,,,success,0
step1,core_comparison,Exact,oldenburg,5,7,,,,228496,13,94,216,220872.28,13,,,,,,,,,,,,,,success,0
step1,core_comparison,Exact,oldenburg,5,8,,,,313126,7,41,90,131592.58,7,,,,,,,,,,,,,,success,0
step1,core_comparison,Exact,oldenburg,5,9,,,,346765,5,41,90,98353.69,5,,,,,,,,,,,,,,success,0
step1,core_comparison,Exact,oldenburg,5,10,,,,552137,8,48,104,168281.19,8,,,,,,,,,,,,,,success,0
step1,core_comparison,Insertion,oldenburg,5,1,,,,620,1,15,48,36073.16,1,,,,,,,,,,,,,,success,0
step1,core_comparison,Insertion,oldenburg,5,2,,,,517,1,5,16,33611.81,1,,,,,,,,,,,,,,success,0
step1,core_comparison,Insertion,oldenburg,5,3,,,,737,1,14,50,33923.95,1,,,,,,,,,,,,,,success,0
step1,core_comparison,Insertion,oldenburg,5,4,,,,518,1,8,30,25914.13,1,,,,,,,,,,,,,,success,0
step1,core_comparison,Insertion,oldenburg,5,5,,,,506,1,6,18,22667.52,1,,,,,,,,,,,,,,success,0
step1,core_comparison,Insertion,oldenburg,5,6,,,,288,1,8,32,21387.90,1,,,,,,,,,,,,,,success,0
step1,core_comparison,Insertion,oldenburg,5,7,,,,347,1,8,26,22560.91,1,,,,,,,,,,,,,,success,0
step1,core_comparison,Insertion,oldenburg,5,8,,,,498,1,11,30,38152.88,1,,,,,,,,,,,,,,success,0
step1,core_comparison,Insertion,oldenburg,5,9,,,,321,1,13,34,32522.36,1,,,,,,,,,,,,,,success,0
step1,core_comparison,Insertion,oldenburg,5,10,,,,545,1,7,28,29769.56,1,,,,,,,,,,,,,,success,0
step1,core_comparison,LIFO,oldenburg,5,1,,,,209,1,16,77,37686.82,1,,,,,,,,,,,,,,success,0
step1,core_comparison,LIFO,oldenburg,5,2,,,,207,1,12,38,34601.71,1,,,,,,,,,,,,,,success,0
step1,core_comparison,LIFO,oldenburg,5,3,,,,213,1,12,34,37707.00,1,,,,,,,,,,,,,,success,0
step1,core_comparison,LIFO,oldenburg,5,4,,,,157,1,12,50,33565.36,1,,,,,,,,,,,,,,success,0
step1,core_comparison,LIFO,oldenburg,5,5,,,,217,1,11,28,30904.32,1,,,,,,,,,,,,,,success,0
step1,core_comparison,LIFO,oldenburg,5,6,,,,160,1,8,39,32296.18,1,,,,,,,,,,,,,,success,0
step1,core_comparison,LIFO,oldenburg,5,7,,,,148,1,8,26,22560.91,1,,,,,,,,,,,,,,success,0
step1,core_comparison,LIFO,oldenburg,5,8,,,,221,1,11,30,38152.88,1,,,,,,,,,,,,,,success,0
step1,core_comparison,LIFO,oldenburg,5,9,,,,228,1,13,34,32522.36,1,,,,,,,,,,,,,,success,0
step1,core_comparison,LIFO,oldenburg,5,10,,,,254,1,11,40,30535.32,1,,,,,,,,,,,,,,success,0
step1,core_comparison,FoodMatch,oldenburg,5,1,,,,96,1,6,22,10410.97,1,,,,,,,,,,,,,,success,0
step1,core_comparison,FoodMatch,oldenburg,5,2,,,,160,1,4,8,20960.77,1,,,,,,,,,,,,,,success,0
step1,core_comparison,FoodMatch,oldenburg,5,3,,,,140,1,5,10,22717.18,1,,,,,,,,,,,,,,success,0
step1,core_comparison,FoodMatch,oldenburg,5,4,,,,99,1,4,8,10530.83,1,,,,,,,,,,,,,,success,0
step1,core_comparison,FoodMatch,oldenburg,5,5,,,,179,1,7,17,13108.09,1,,,,,,,,,,,,,,success,0
step1,core_comparison,FoodMatch,oldenburg,5,6,,,,90,1,4,8,6557.06,1,,,,,,,,,,,,,,success,0
step1,core_comparison,FoodMatch,oldenburg,5,7,,,,108,1,5,10,8601.49,1,,,,,,,,,,,,,,success,0
step1,core_comparison,FoodMatch,oldenburg,5,8,,,,113,1,2,4,9339.18,1,,,,,,,,,,,,,,success,0
step1,core_comparison,FoodMatch,oldenburg,5,9,,,,188,1,9,18,19851.54,1,,,,,,,,,,,,,,success,0
step1,core_comparison,FoodMatch,oldenburg,5,10,,,,159,1,4,8,7217.41,1,,,,,,,,,,,,,,success,0
step1,core_comparison,OptLoad,oldenburg,10,1,,,,1387,1,8,16,15368.50,1,10,51,0,0,0,0,51,17,24,24,244,99869.49,68,success,0
step1,core_comparison,OptLoad,oldenburg,10,2,,,,1980,3,47,154,99970.17,3,9,39,0,0,0,0,39,16,128,128,280,100288.65,68,success,0
step1,core_comparison,OptLoad,oldenburg,10,3,,,,2380,8,142,565,253374.15,8,10,56,0,0,0,0,56,22,576,576,242,83893.04,66,success,0
step1,core_comparison,OptLoad,oldenburg,10,4,,,,1162,1,15,40,35344.29,1,8,39,0,0,0,0,39,12,16,16,214,95232.16,56,success,0
step1,core_comparison,OptLoad,oldenburg,10,5,,,,2120,2,29,60,72498.86,2,10,49,0,0,0,0,49,19,160,160,150,98692.49,54,success,0
step1,core_comparison,OptLoad,oldenburg,10,6,,,,1046,5,54,190,144036.97,5,11,42,0,0,0,0,42,16,20,20,180,95450.97,48,success,0
step1,core_comparison,OptLoad,oldenburg,10,7,,,,2229,6,89,266,195494.52,6,9,41,0,0,0,0,41,17,48,48,176,95780.90,52,success,0
step1,core_comparison,OptLoad,oldenburg,10,8,,,,2067,2,21,48,37234.84,2,9,47,0,0,0,0,47,17,80,80,144,123546.53,56,success,0
step1,core_comparison,OptLoad,oldenburg,10,9,,,,2183,3,39,130,89970.17,3,10,68,0,0,0,0,68,23,216,216,238,99226.83,72,success,0
step1,core_comparison,OptLoad,oldenburg,10,10,,,,1051,1,13,36,28839.11,1,10,41,0,0,0,0,41,13,6,6,298,111076.73,72,success,0
step1,core_comparison,Exact,oldenburg,10,1,,,,1200000,0,0,0,0.00,0,,,,,,,,,,,,,,timeout,1
step1,core_comparison,Exact,oldenburg,10,2,,,,1200000,0,0,0,0.00,0,,,,,,,,,,,,,,timeout,1
step1,core_comparison,Exact,oldenburg,10,3,,,,1200000,0,0,0,0.00,0,,,,,,,,,,,,,,timeout,1
step1,core_comparison,Exact,oldenburg,10,4,,,,1200000,0,0,0,0.00,0,,,,,,,,,,,,,,timeout,1
step1,core_comparison,Exact,oldenburg,10,5,,,,1200000,0,0,0,0.00,0,,,,,,,,,,,,,,timeout,1
step1,core_comparison,Exact,oldenburg,10,6,,,,1200000,0,0,0,0.00,0,,,,,,,,,,,,,,timeout,1
step1,core_comparison,Exact,oldenburg,10,7,,,,1200000,0,0,0,0.00,0,,,,,,,,,,,,,,timeout,1
step1,core_comparison,Exact,oldenburg,10,8,,,,1200000,0,0,0,0.00,0,,,,,,,,,,,,,,timeout,1
step1,core_comparison,Exact,oldenburg,10,9,,,,1200000,0,0,0,0.00,0,,,,,,,,,,,,,,timeout,1
step1,core_comparison,Exact,oldenburg,10,10,,,,1200000,0,0,0,0.00,0,,,,,,,,,,,,,,timeout,1
step1,core_comparison,Insertion,oldenburg,10,1,,,,1343,1,13,44,41879.13,1,,,,,,,,,,,,,,success,0
step1,core_comparison,Insertion,oldenburg,10,2,,,,1592,1,13,52,37325.54,1,,,,,,,,,,,,,,success,0
step1,core_comparison,Insertion,oldenburg,10,3,,,,790,1,10,36,22040.88,1,,,,,,,,,,,,,,success,0
step1,core_comparison,Insertion,oldenburg,10,4,,,,3219,1,11,64,38725.28,1,,,,,,,,,,,,,,success,0
step1,core_comparison,Insertion,oldenburg,10,5,,,,951,1,10,22,36795.53,1,,,,,,,,,,,,,,success,0
step1,core_comparison,Insertion,oldenburg,10,6,,,,1940,1,10,56,41517.68,1,,,,,,,,,,,,,,success,0
step1,core_comparison,Insertion,oldenburg,10,7,,,,1868,1,9,32,39542.32,1,,,,,,,,,,,,,,success,0
step1,core_comparison,Insertion,oldenburg,10,8,,,,1950,1,4,14,39858.33,1,,,,,,,,,,,,,,success,0
step1,core_comparison,Insertion,oldenburg,10,9,,,,1334,1,15,50,31745.59,1,,,,,,,,,,,,,,success,0
step1,core_comparison,Insertion,oldenburg,10,10,,,,790,1,13,54,38551.81,1,,,,,,,,,,,,,,success,0
step1,core_comparison,LIFO,oldenburg,10,1,,,,372,1,12,58,29368.61,1,,,,,,,,,,,,,,success,0
step1,core_comparison,LIFO,oldenburg,10,2,,,,486,1,17,78,43453.37,1,,,,,,,,,,,,,,success,0
step1,core_comparison,LIFO,oldenburg,10,3,,,,371,1,14,49,30192.10,1,,,,,,,,,,,,,,success,0
step1,core_comparison,LIFO,oldenburg,10,4,,,,501,1,15,82,41492.92,1,,,,,,,,,,,,,,success,0
step1,core_comparison,LIFO,oldenburg,10,5,,,,477,1,19,74,55542.77,1,,,,,,,,,,,,,,success,0
step1,core_comparison,LIFO,oldenburg,10,6,,,,379,1,15,78,44724.14,1,,,,,,,,,,,,,,success,0
step1,core_comparison,LIFO,oldenburg,10,7,,,,332,1,16,67,39053.44,1,,,,,,,,,,,,,,success,0
step1,core_comparison,LIFO,oldenburg,10,8,,,,395,1,16,33,43162.55,1,,,,,,,,,,,,,,success,0
step1,core_comparison,LIFO,oldenburg,10,9,,,,381,1,19,80,36105.08,1,,,,,,,,,,,,,,success,0
step1,core_comparison,LIFO,oldenburg,10,10,,,,375,1,18,87,34741.46,1,,,,,,,,,,,,,,success,0
step1,core_comparison,FoodMatch,oldenburg,10,1,,,,233,1,4,8,11067.07,1,,,,,,,,,,,,,,success,0
step1,core_comparison,FoodMatch,oldenburg,10,2,,,,249,1,7,16,9744.02,1,,,,,,,,,,,,,,success,0
step1,core_comparison,FoodMatch,oldenburg,10,3,,,,181,1,5,12,15260.91,1,,,,,,,,,,,,,,success,0
step1,core_comparison,FoodMatch,oldenburg,10,4,,,,233,1,8,20,13077.91,1,,,,,,,,,,,,,,success,0
step1,core_comparison,FoodMatch,oldenburg,10,5,,,,232,1,10,17,22082.44,1,,,,,,,,,,,,,,success,0
step1,core_comparison,FoodMatch,oldenburg,10,6,,,,174,1,2,2,3694.19,1,,,,,,,,,,,,,,success,0
step1,core_comparison,FoodMatch,oldenburg,10,7,,,,290,1,11,37,18215.91,1,,,,,,,,,,,,,,success,0
step1,core_comparison,FoodMatch,oldenburg,10,8,,,,242,1,2,4,8843.58,1,,,,,,,,,,,,,,success,0
step1,core_comparison,FoodMatch,oldenburg,10,9,,,,196,1,4,8,6250.14,1,,,,,,,,,,,,,,success,0
step1,core_comparison,FoodMatch,oldenburg,10,10,,,,212,1,8,21,14671.73,1,,,,,,,,,,,,,,success,0
