experiment,solver,network,n_requests,run,runtime_ms,pareto_size,route_index,served,lu_cost,distance,route,clusters,prefixes_explored,prefixes_pruned,pruned_capacity,pruned_lu_bound,pruned_seed_lu,backtrack_calls,cluster_orderings,cross_product,valid_orderings,seed_lu,seed_dist,lb_lu,status,timeout
core_comparison,Insertion,oldenburg,2,1,120,1,1,4,8,19207.84,,,,,,,,,,,,,,,success,0
core_comparison,Insertion,oldenburg,2,2,151,1,1,5,10,15655.9,,,,,,,,,,,,,,,success,0
core_comparison,Insertion,oldenburg,2,3,66,1,1,1,2,10540.87,,,,,,,,,,,,,,,success,0
core_comparison,Insertion,oldenburg,2,4,167,1,1,3,6,22007.33,,,,,,,,,,,,,,,success,0
core_comparison,Insertion,oldenburg,2,5,100,1,1,10,20,18355.88,,,,,,,,,,,,,,,success,0
core_comparison,Insertion,oldenburg,2,6,119,1,1,5,10,6882.43,,,,,,,,,,,,,,,success,0
core_comparison,Insertion,oldenburg,2,7,124,1,1,5,10,13469.92,,,,,,,,,,,,,,,success,0
core_comparison,Insertion,oldenburg,2,8,87,1,1,2,4,12800.32,,,,,,,,,,,,,,,success,0
core_comparison,Insertion,oldenburg,2,9,128,1,1,7,22,18383.95,,,,,,,,,,,,,,,success,0
core_comparison,Insertion,oldenburg,2,10,136,1,1,5,10,13197.43,,,,,,,,,,,,,,,success,0
core_comparison,LIFO,oldenburg,2,1,92,1,1,4,8,19207.84,,,,,,,,,,,,,,,success,0
core_comparison,LIFO,oldenburg,2,2,102,1,1,8,16,22832.28,,,,,,,,,,,,,,,success,0
core_comparison,LIFO,oldenburg,2,3,51,1,1,3,6,14066.9,,,,,,,,,,,,,,,success,0
core_comparison,LIFO,oldenburg,2,4,118,1,1,4,8,34123.31,,,,,,,,,,,,,,,success,0
core_comparison,LIFO,oldenburg,2,5,69,1,1,10,25,9779.09,,,,,,,,,,,,,,,success,0
core_comparison,LIFO,oldenburg,2,6,72,1,1,6,17,15444.99,,,,,,,,,,,,,,,success,0
core_comparison,LIFO,oldenburg,2,7,80,1,1,7,18,18302.86,,,,,,,,,,,,,,,success,0
core_comparison,LIFO,oldenburg,2,8,75,1,1,6,16,14863.19,,,,,,,,,,,,,,,success,0
core_comparison,LIFO,oldenburg,2,9,81,1,1,7,22,18383.95,,,,,,,,,,,,,,,success,0
core_comparison,LIFO,oldenburg,2,10,103,1,1,6,12,24590,,,,,,,,,,,,,,,success,0
core_comparison,FoodMatch,oldenburg,2,1,83,1,1,4,8,19207.84,,,,,,,,,,,,,,,success,0
core_comparison,FoodMatch,oldenburg,2,2,85,1,1,8,16,22832.28,,,,,,,,,,,,,,,success,0
core_comparison,FoodMatch,oldenburg,2,3,48,1,1,3,6,14066.9,,,,,,,,,,,,,,,success,0
core_comparison,FoodMatch,oldenburg,2,4,112,1,1,4,11,25147.72,,,,,,,,,,,,,,,success,0
core_comparison,FoodMatch,oldenburg,2,5,73,1,1,10,25,9779.09,,,,,,,,,,,,,,,success,0
core_comparison,FoodMatch,oldenburg,2,6,74,1,1,5,10,6882.43,,,,,,,,,,,,,,,success,0
core_comparison,FoodMatch,oldenburg,2,7,73,1,1,7,14,15732.4,,,,,,,,,,,,,,,success,0
core_comparison,FoodMatch,oldenburg,2,8,56,1,1,6,14,5391.06,,,,,,,,,,,,,,,success,0
core_comparison,FoodMatch,oldenburg,2,9,56,1,1,4,8,8304.83,,,,,,,,,,,,,,,success,0
core_comparison,FoodMatch,oldenburg,2,10,84,1,1,1,2,17255.87,,,,,,,,,,,,,,,success,0
core_comparison,Insertion,oldenburg,5,1,620,1,1,15,48,36073.16,,,,,,,,,,,,,,,success,0
core_comparison,Insertion,oldenburg,5,2,517,1,1,5,16,33611.81,,,,,,,,,,,,,,,success,0
core_comparison,Insertion,oldenburg,5,3,737,1,1,14,50,33923.95,,,,,,,,,,,,,,,success,0
core_comparison,Insertion,oldenburg,5,4,518,1,1,8,30,25914.13,,,,,,,,,,,,,,,success,0
core_comparison,Insertion,oldenburg,5,5,506,1,1,6,18,22667.52,,,,,,,,,,,,,,,success,0
core_comparison,Insertion,oldenburg,5,6,288,1,1,8,32,21387.9,,,,,,,,,,,,,,,success,0
core_comparison,Insertion,oldenburg,5,7,347,1,1,8,26,22560.91,,,,,,,,,,,,,,,success,0
core_comparison,Insertion,oldenburg,5,8,498,1,1,11,30,38152.88,,,,,,,,,,,,,,,success,0
core_comparison,Insertion,oldenburg,5,9,321,1,1,13,34,32522.36,,,,,,,,,,,,,,,success,0
core_comparison,Insertion,oldenburg,5,10,545,1,1,7,28,29769.56,,,,,,,,,,,,,,,success,0
core_comparison,LIFO,oldenburg,5,1,209,1,1,16,77,37686.82,,,,,,,,,,,,,,,success,0
core_comparison,LIFO,oldenburg,5,2,207,1,1,12,38,34601.71,,,,,,,,,,,,,,,success,0
core_comparison,LIFO,oldenburg,5,3,213,1,1,12,34,37707,,,,,,,,,,,,,,,success,0
core_comparison,LIFO,oldenburg,5,4,157,1,1,12,50,33565.36,,,,,,,,,,,,,,,success,0
core_comparison,LIFO,oldenburg,5,5,217,1,1,11,28,30904.32,,,,,,,,,,,,,,,success,0
core_comparison,LIFO,oldenburg,5,6,160,1,1,8,39,32296.18,,,,,,,,,,,,,,,success,0
core_comparison,LIFO,oldenburg,5,7,148,1,1,8,26,22560.91,,,,,,,,,,,,,,,success,0
core_comparison,LIFO,oldenburg,5,8,221,1,1,11,30,38152.88,,,,,,,,,,,,,,,success,0
core_comparison,LIFO,oldenburg,5,9,228,1,1,13,34,32522.36,,,,,,,,,,,,,,,success,0
core_comparison,LIFO,oldenburg,5,10,254,1,1,11,40,30535.32,,,,,,,,,,,,,,,success,0
core_comparison,FoodMatch,oldenburg,5,1,96,1,1,6,22,10410.97,,,,,,,,,,,,,,,success,0
core_comparison,FoodMatch,oldenburg,5,2,160,1,1,4,8,20960.77,,,,,,,,,,,,,,,success,0
core_comparison,FoodMatch,oldenburg,5,3,140,1,1,5,10,22717.18,,,,,,,,,,,,,,,success,0
core_comparison,FoodMatch,oldenburg,5,4,99,1,1,4,8,10530.83,,,,,,,,,,,,,,,success,0
core_comparison,FoodMatch,oldenburg,5,5,179,1,1,7,17,13108.09,,,,,,,,,,,,,,,success,0
core_comparison,FoodMatch,oldenburg,5,6,90,1,1,4,8,6557.06,,,,,,,,,,,,,,,success,0
core_comparison,FoodMatch,oldenburg,5,7,108,1,1,5,10,8601.49,,,,,,,,,,,,,,,success,0
core_comparison,FoodMatch,oldenburg,5,8,113,1,1,2,4,9339.18,,,,,,,,,,,,,,,success,0
core_comparison,FoodMatch,oldenburg,5,9,188,1,1,9,18,19851.54,,,,,,,,,,,,,,,success,0
core_comparison,FoodMatch,oldenburg,5,10,159,1,1,4,8,7217.41,,,,,,,,,,,,,,,success,0
core_comparison,Insertion,oldenburg,10,1,1343,1,1,13,44,41879.13,,,,,,,,,,,,,,,success,0
core_comparison,Insertion,oldenburg,10,2,1592,1,1,13,52,37325.54,,,,,,,,,,,,,,,success,0
core_comparison,Insertion,oldenburg,10,3,790,1,1,10,36,22040.88,,,,,,,,,,,,,,,success,0
core_comparison,Insertion,oldenburg,10,4,3219,1,1,11,64,38725.28,,,,,,,,,,,,,,,success,0
core_comparison,Insertion,oldenburg,10,5,951,1,1,10,22,36795.53,,,,,,,,,,,,,,,success,0
core_comparison,Insertion,oldenburg,10,6,1940,1,1,10,56,41517.68,,,,,,,,,,,,,,,success,0
core_comparison,Insertion,oldenburg,10,7,1868,1,1,9,32,39542.32,,,,,,,,,,,,,,,success,0
core_comparison,Insertion,oldenburg,10,8,1950,1,1,4,14,39858.33,,,,,,,,,,,,,,,success,0
core_comparison,Insertion,oldenburg,10,9,1334,1,1,15,50,31745.59,,,,,,,,,,,,,,,success,0
core_comparison,Insertion,oldenburg,10,10,790,1,1,13,54,38551.81,,,,,,,,,,,,,,,success,0
core_comparison,LIFO,oldenburg,10,1,372,1,1,12,58,29368.61,,,,,,,,,,,,,,,success,0
core_comparison,LIFO,oldenburg,10,2,486,1,1,17,78,43453.37,,,,,,,,,,,,,,,success,0
core_comparison,LIFO,oldenburg,10,3,371,1,1,14,49,30192.1,,,,,,,,,,,,,,,success,0
core_comparison,LIFO,oldenburg,10,4,501,1,1,15,82,41492.92,,,,,,,,,,,,,,,success,0
core_comparison,LIFO,oldenburg,10,5,477,1,1,19,74,55542.77,,,,,,,,,,,,,,,success,0
core_comparison,LIFO,oldenburg,10,6,379,1,1,15,78,44724.14,,,,,,,,,,,,,,,success,0
core_comparison,LIFO,oldenburg,10,7,332,1,1,16,67,39053.44,,,,,,,,,,,,,,,success,0
core_comparison,LIFO,oldenburg,10,8,395,1,1,16,33,43162.55,,,,,,,,,,,,,,,success,0
core_comparison,LIFO,oldenburg,10,9,381,1,1,19,80,36105.08,,,,,,,,,,,,,,,success,0
core_comparison,LIFO,oldenburg,10,10,375,1,1,18,87,34741.46,,,,,,,,,,,,,,,success,0
core_comparison,FoodMatch,oldenburg,10,1,233,1,1,4,8,11067.07,,,,,,,,,,,,,,,success,0
core_comparison,FoodMatch,oldenburg,10,2,249,1,1,7,16,9744.02,,,,,,,,,,,,,,,success,0
core_comparison,FoodMatch,oldenburg,10,3,181,1,1,5,12,15260.91,,,,,,,,,,,,,,,success,0
core_comparison,FoodMatch,oldenburg,10,4,233,1,1,8,20,13077.91,,,,,,,,,,,,,,,success,0
core_comparison,FoodMatch,oldenburg,10,5,232,1,1,10,17,22082.44,,,,,,,,,,,,,,,success,0
core_comparison,FoodMatch,oldenburg,10,6,174,1,1,2,2,3694.19,,,,,,,,,,,,,,,success,0
core_comparison,FoodMatch,oldenburg,10,7,290,1,1,11,37,18215.91,,,,,,,,,,,,,,,success,0
core_comparison,FoodMatch,oldenburg,10,8,242,1,1,2,4,8843.58,,,,,,,,,,,,,,,success,0
core_comparison,FoodMatch,oldenburg,10,9,196,1,1,4,8,6250.14,,,,,,,,,,,,,,,success,0
core_comparison,FoodMatch,oldenburg,10,10,212,1,1,8,21,14671.73,,,,,,,,,,,,,,,success,0
core_comparison,Exact,oldenburg,2,1,207,2,1,4,8,19207.84,"[Depot:3386,S2:4183,D2:3956,Depot:3386]",,,,,,,,,,,,,,success,0
core_comparison,Exact,oldenburg,2,1,207,2,2,3,6,22386.87,"[Depot:3386,S1:3479,D1:2677,Depot:3386]",,,,,,,,,,,,,,success,0
core_comparison,Exact,oldenburg,2,2,218,1,1,5,10,15655.9,"[Depot:5071,S1:3148,D1:4478,Depot:5071]",,,,,,,,,,,,,,success,0
core_comparison,Exact,oldenburg,2,3,132,1,1,1,2,10540.87,"[Depot:5859,S2:232,D2:2255,Depot:5859]",,,,,,,,,,,,,,success,0
core_comparison,Exact,oldenburg,2,4,245,1,1,3,6,22007.33,"[Depot:4407,S1:3097,D1:2159,Depot:4407]",,,,,,,,,,,,,,success,0
core_comparison,Exact,oldenburg,2,5,152,2,1,10,20,18355.88,"[Depot:2971,S2:5677,D2:3833,S1:5701,D1:5513,Depot:2971]",,,,,,,,,,,,,,success,0
core_comparison,Exact,oldenburg,2,5,152,2,2,5,10,8685.39,"[Depot:2971,S1:5701,D1:5513,Depot:2971]",,,,,,,,,,,,,,success,0
core_comparison,Exact,oldenburg,2,6,149,2,1,5,10,6882.43,"[Depot:3776,S1:1055,D1:1731,Depot:3776]",,,,,,,,,,,,,,success,0
core_comparison,Exact,oldenburg,2,6,149,2,2,1,2,11218.54,"[Depot:3776,S2:2187,D2:3674,Depot:3776]",,,,,,,,,,,,,,success,0
core_comparison,Exact,oldenburg,2,7,169,1,1,5,10,13469.92,"[Depot:4840,S2:3938,D2:3646,Depot:4840]",,,,,,,,,,,,,,success,0
core_comparison,Exact,oldenburg,2,8,129,2,1,4,8,4074.98,"[Depot:725,S2:4862,D2:1685,Depot:725]",,,,,,,,,,,,,,success,0
core_comparison,Exact,oldenburg,2,8,129,2,2,2,4,12800.32,"[Depot:725,S1:1245,D1:5740,Depot:725]",,,,,,,,,,,,,,success,0
core_comparison,Exact,oldenburg,2,9,214,3,1,7,22,18383.95,"[Depot:5867,S1:2950,S2:3559,D1:2183,D2:2041,Depot:5867]",,,,,,,,,,,,,,success,0
core_comparison,Exact,oldenburg,2,9,214,3,2,4,8,8304.83,"[Depot:5867,S2:3559,D2:2041,Depot:5867]",,,,,,,,,,,,,,success,0
core_comparison,Exact,oldenburg,2,9,214,3,3,3,6,11564.32,"[Depot:5867,S1:2950,D1:2183,Depot:5867]",,,,,,,,,,,,,,success,0
core_comparison,Exact,oldenburg,2,10,190,1,1,5,10,13197.43,"[Depot:1871,S2:2521,D2:5051,Depot:1871]",,,,,,,,,,,,,,success,0
core_comparison,Exact,oldenburg,2,1,179,2,1,4,8,19207.84,"[Depot:3386,S2:4183,D2:3956,Depot:3386]",,,,,,,,,,,,,,success,0
core_comparison,Exact,oldenburg,2,1,179,2,2,3,6,22386.87,"[Depot:3386,S1:3479,D1:2677,Depot:3386]",,,,,,,,,,,,,,success,0
core_comparison,Exact,oldenburg,2,2,240,1,1,5,10,15655.9,"[Depot:5071,S1:3148,D1:4478,Depot:5071]",,,,,,,,,,,,,,success,0
core_comparison,Exact,oldenburg,2,3,144,1,1,1,2,10540.87,"[Depot:5859,S2:232,D2:2255,Depot:5859]",,,,,,,,,,,,,,success,0
core_comparison,Exact,oldenburg,2,4,278,1,1,3,6,22007.33,"[Depot:4407,S1:3097,D1:2159,Depot:4407]",,,,,,,,,,,,,,success,0
core_comparison,Exact,oldenburg,2,5,193,2,1,10,20,18355.88,"[Depot:2971,S2:5677,D2:3833,S1:5701,D1:5513,Depot:2971]",,,,,,,,,,,,,,success,0
core_comparison,Exact,oldenburg,2,5,193,2,2,5,10,8685.39,"[Depot:2971,S1:5701,D1:5513,Depot:2971]",,,,,,,,,,,,,,success,0
core_comparison,Exact,oldenburg,2,6,172,2,1,5,10,6882.43,"[Depot:3776,S1:1055,D1:1731,Depot:3776]",,,,,,,,,,,,,,success,0
core_comparison,Exact,oldenburg,2,6,172,2,2,1,2,11218.54,"[Depot:3776,S2:2187,D2:3674,Depot:3776]",,,,,,,,,,,,,,success,0
core_comparison,Exact,oldenburg,2,7,180,1,1,5,10,13469.92,"[Depot:4840,S2:3938,D2:3646,Depot:4840]",,,,,,,,,,,,,,success,0
core_comparison,Exact,oldenburg,2,8,144,2,1,4,8,4074.98,"[Depot:725,S2:4862,D2:1685,Depot:725]",,,,,,,,,,,,,,success,0
core_comparison,Exact,oldenburg,2,8,144,2,2,2,4,12800.32,"[Depot:725,S1:1245,D1:5740,Depot:725]",,,,,,,,,,,,,,success,0
core_comparison,Exact,oldenburg,2,9,153,3,1,7,22,18383.95,"[Depot:5867,S1:2950,S2:3559,D1:2183,D2:2041,Depot:5867]",,,,,,,,,,,,,,success,0
core_comparison,Exact,oldenburg,2,9,153,3,2,4,8,8304.83,"[Depot:5867,S2:3559,D2:2041,Depot:5867]",,,,,,,,,,,,,,success,0
core_comparison,Exact,oldenburg,2,9,153,3,3,3,6,11564.32,"[Depot:5867,S1:2950,D1:2183,Depot:5867]",,,,,,,,,,,,,,success,0
core_comparison,Exact,oldenburg,2,10,191,1,1,5,10,13197.43,"[Depot:1871,S2:2521,D2:5051,Depot:1871]",,,,,,,,,,,,,,success,0
core_comparison,Exact,oldenburg,5,1,201103,13,1,15,48,36073.16,"[Depot:5672,S1:1817,S2:4874,D1:4009,S3:5912,D2:5406,D3:3055,S4:677,D4:5533,Depot:5672]",,,,,,,,,,,,,,success,0
core_comparison,Exact,oldenburg,5,1,201103,13,2,14,38,27090.41,"[Depot:5672,S2:4874,S3:5912,D2:5406,D3:3055,S4:677,D4:5533,Depot:5672]",,,,,,,,,,,,,,success,0
core_comparison,Exact,oldenburg,5,1,201103,13,3,12,26,30028.13,"[Depot:5672,S1:1817,D1:4009,S3:5912,S5:1016,D3:3055,D5:2146,S4:677,D4:5533,Depot:5672]",,,,,,,,,,,,,,success,0
core_comparison,Exact,oldenburg,5,1,201103,13,4,11,22,27888.75,"[Depot:5672,S1:1817,D1:4009,S3:5912,D3:3055,S4:677,D4:5533,Depot:5672]",,,,,,,,,,,,,,success,0
core_comparison,Exact,oldenburg,5,1,201103,13,5,11,24,20755.22,"[Depot:5672,S3:5912,S5:1016,D3:3055,D5:2146,S4:677,D4:5533,Depot:5672]",,,,,,,,,,,,,,success,0
core_comparison,Exact,oldenburg,5,1,201103,13,6,10,20,18615.84,"[Depot:5672,S3:5912,D3:3055,S4:677,D4:5533,Depot:5672]",,,,,,,,,,,,,,success,0
core_comparison,Exact,oldenburg,5,1,201103,13,7,9,18,16844.6,"[Depot:5672,S2:4874,D2:5406,S4:677,D4:5533,Depot:5672]",,,,,,,,,,,,,,success,0
core_comparison,Exact,oldenburg,5,1,201103,13,8,7,14,26114.98,"[Depot:5672,S1:1817,D1:4009,S5:1016,D5:2146,S4:677,D4:5533,Depot:5672]",,,,,,,,,,,,,,success,0
core_comparison,Exact,oldenburg,5,1,201103,13,9,6,12,10349.5,"[Depot:5672,S5:1016,D5:2146,S4:677,D4:5533,Depot:5672]",,,,,,,,,,,,,,success,0
core_comparison,Exact,oldenburg,5,1,201103,13,10,5,10,7352.36,"[Depot:5672,S4:677,D4:5533,Depot:5672]",,,,,,,,,,,,,,success,0
core_comparison,Exact,oldenburg,5,1,201103,13,11,4,8,12344.56,"[Depot:5672,S2:4874,D2:5406,Depot:5672]",,,,,,,,,,,,,,success,0
core_comparison,Exact,oldenburg,5,1,201103,13,12,2,4,24274.6,"[Depot:5672,S1:1817,D1:4009,S5:1016,D5:2146,Depot:5672]",,,,,,,,,,,,,,success,0
core_comparison,Exact,oldenburg,5,1,201103,13,13,1,2,8509.12,"[Depot:5672,S5:1016,D5:2146,Depot:5672]",,,,,,,,,,,,,,success,0
core_comparison,Exact,oldenburg,2,1,206,2,1,4,8,19207.84,"[Depot:3386,S2:4183,D2:3956,Depot:3386]",,,,,,,,,,,,,,success,0
core_comparison,Exact,oldenburg,2,1,206,2,2,3,6,22386.87,"[Depot:3386,S1:3479,D1:2677,Depot:3386]",,,,,,,,,,,,,,success,0
core_comparison,Exact,oldenburg,2,2,259,1,1,5,10,15655.9,"[Depot:5071,S1:3148,D1:4478,Depot:5071]",,,,,,,,,,,,,,success,0
core_comparison,Exact,oldenburg,2,3,145,1,1,1,2,10540.87,"[Depot:5859,S2:232,D2:2255,Depot:5859]",,,,,,,,,,,,,,success,0
core_comparison,Exact,oldenburg,2,4,254,1,1,3,6,22007.33,"[Depot:4407,S1:3097,D1:2159,Depot:4407]",,,,,,,,,,,,,,success,0
core_comparison,Exact,oldenburg,2,5,188,2,1,10,20,18355.88,"[Depot:2971,S2:5677,D2:3833,S1:5701,D1:5513,Depot:2971]",,,,,,,,,,,,,,success,0
core_comparison,Exact,oldenburg,2,5,188,2,2,5,10,8685.39,"[Depot:2971,S1:5701,D1:5513,Depot:2971]",,,,,,,,,,,,,,success,0
core_comparison,Exact,oldenburg,2,6,154,2,1,5,10,6882.43,"[Depot:3776,S1:1055,D1:1731,Depot:3776]",,,,,,,,,,,,,,success,0
core_comparison,Exact,oldenburg,2,6,154,2,2,1,2,11218.54,"[Depot:3776,S2:2187,D2:3674,Depot:3776]",,,,,,,,,,,,,,success,0
core_comparison,Exact,oldenburg,2,7,201,1,1,5,10,13469.92,"[Depot:4840,S2:3938,D2:3646,Depot:4840]",,,,,,,,,,,,,,success,0
core_comparison,Exact,oldenburg,2,8,134,2,1,4,8,4074.98,"[Depot:725,S2:4862,D2:1685,Depot:725]",,,,,,,,,,,,,,success,0
core_comparison,Exact,oldenburg,2,8,134,2,2,2,4,12800.32,"[Depot:725,S1:1245,D1:5740,Depot:725]",,,,,,,,,,,,,,success,0
core_comparison,Exact,oldenburg,2,9,192,3,1,7,22,18383.95,"[Depot:5867,S1:2950,S2:3559,D1:2183,D2:2041,Depot:5867]",,,,,,,,,,,,,,success,0
core_comparison,Exact,oldenburg,2,9,192,3,2,4,8,8304.83,"[Depot:5867,S2:3559,D2:2041,Depot:5867]",,,,,,,,,,,,,,success,0
core_comparison,Exact,oldenburg,2,9,192,3,3,3,6,11564.32,"[Depot:5867,S1:2950,D1:2183,Depot:5867]",,,,,,,,,,,,,,success,0
core_comparison,Exact,oldenburg,2,10,237,1,1,5,10,13197.43,"[Depot:1871,S2:2521,D2:5051,Depot:1871]",,,,,,,,,,,,,,success,0
core_comparison,Exact,oldenburg,5,1,211354,13,1,15,48,36073.16,"[Depot:5672,S1:1817,S2:4874,D1:4009,S3:5912,D2:5406,D3:3055,S4:677,D4:5533,Depot:5672]",,,,,,,,,,,,,,success,0
core_comparison,Exact,oldenburg,5,1,211354,13,2,14,38,27090.41,"[Depot:5672,S2:4874,S3:5912,D2:5406,D3:3055,S4:677,D4:5533,Depot:5672]",,,,,,,,,,,,,,success,0
core_comparison,Exact,oldenburg,5,1,211354,13,3,12,26,30028.13,"[Depot:5672,S1:1817,D1:4009,S3:5912,S5:1016,D3:3055,D5:2146,S4:677,D4:5533,Depot:5672]",,,,,,,,,,,,,,success,0
core_comparison,Exact,oldenburg,5,1,211354,13,4,11,22,27888.75,"[Depot:5672,S1:1817,D1:4009,S3:5912,D3:3055,S4:677,D4:5533,Depot:5672]",,,,,,,,,,,,,,success,0
core_comparison,Exact,oldenburg,5,1,211354,13,5,11,24,20755.22,"[Depot:5672,S3:5912,S5:1016,D3:3055,D5:2146,S4:677,D4:5533,Depot:5672]",,,,,,,,,,,,,,success,0
core_comparison,Exact,oldenburg,5,1,211354,13,6,10,20,18615.84,"[Depot:5672,S3:5912,D3:3055,S4:677,D4:5533,Depot:5672]",,,,,,,,,,,,,,success,0
core_comparison,Exact,oldenburg,5,1,211354,13,7,9,18,16844.6,"[Depot:5672,S2:4874,D2:5406,S4:677,D4:5533,Depot:5672]",,,,,,,,,,,,,,success,0
core_comparison,Exact,oldenburg,5,1,211354,13,8,7,14,26114.98,"[Depot:5672,S1:1817,D1:4009,S5:1016,D5:2146,S4:677,D4:5533,Depot:5672]",,,,,,,,,,,,,,success,0
core_comparison,Exact,oldenburg,5,1,211354,13,9,6,12,10349.5,"[Depot:5672,S5:1016,D5:2146,S4:677,D4:5533,Depot:5672]",,,,,,,,,,,,,,success,0
core_comparison,Exact,oldenburg,5,1,211354,13,10,5,10,7352.36,"[Depot:5672,S4:677,D4:5533,Depot:5672]",,,,,,,,,,,,,,success,0
core_comparison,Exact,oldenburg,5,1,211354,13,11,4,8,12344.56,"[Depot:5672,S2:4874,D2:5406,Depot:5672]",,,,,,,,,,,,,,success,0
core_comparison,Exact,oldenburg,5,1,211354,13,12,2,4,24274.6,"[Depot:5672,S1:1817,D1:4009,S5:1016,D5:2146,Depot:5672]",,,,,,,,,,,,,,success,0
core_comparison,Exact,oldenburg,5,1,211354,13,13,1,2,8509.12,"[Depot:5672,S5:1016,D5:2146,Depot:5672]",,,,,,,,,,,,,,success,0
core_comparison,Exact,oldenburg,2,1,195,2,1,4,8,19207.84,"[Depot:3386,S2:4183,D2:3956,Depot:3386]",,,,,,,,,,,,,,success,0
core_comparison,Exact,oldenburg,2,1,195,2,2,3,6,22386.87,"[Depot:3386,S1:3479,D1:2677,Depot:3386]",,,,,,,,,,,,,,success,0
core_comparison,Exact,oldenburg,2,2,201,1,1,5,10,15655.9,"[Depot:5071,S1:3148,D1:4478,Depot:5071]",,,,,,,,,,,,,,success,0
core_comparison,Exact,oldenburg,2,3,132,1,1,1,2,10540.87,"[Depot:5859,S2:232,D2:2255,Depot:5859]",,,,,,,,,,,,,,success,0
core_comparison,Exact,oldenburg,2,4,225,1,1,3,6,22007.33,"[Depot:4407,S1:3097,D1:2159,Depot:4407]",,,,,,,,,,,,,,success,0
core_comparison,Exact,oldenburg,2,5,166,2,1,10,20,18355.88,"[Depot:2971,S2:5677,D2:3833,S1:5701,D1:5513,Depot:2971]",,,,,,,,,,,,,,success,0
core_comparison,Exact,oldenburg,2,5,166,2,2,5,10,8685.39,"[Depot:2971,S1:5701,D1:5513,Depot:2971]",,,,,,,,,,,,,,success,0
core_comparison,Exact,oldenburg,2,6,167,2,1,5,10,6882.43,"[Depot:3776,S1:1055,D1:1731,Depot:3776]",,,,,,,,,,,,,,success,0
core_comparison,Exact,oldenburg,2,6,167,2,2,1,2,11218.54,"[Depot:3776,S2:2187,D2:3674,Depot:3776]",,,,,,,,,,,,,,success,0
core_comparison,Exact,oldenburg,2,7,169,1,1,5,10,13469.92,"[Depot:4840,S2:3938,D2:3646,Depot:4840]",,,,,,,,,,,,,,success,0
core_comparison,Exact,oldenburg,2,8,159,2,1,4,8,4074.98,"[Depot:725,S2:4862,D2:1685,Depot:725]",,,,,,,,,,,,,,success,0
core_comparison,Exact,oldenburg,2,8,159,2,2,2,4,12800.32,"[Depot:725,S1:1245,D1:5740,Depot:725]",,,,,,,,,,,,,,success,0
core_comparison,Exact,oldenburg,2,9,175,3,1,7,22,18383.95,"[Depot:5867,S1:2950,S2:3559,D1:2183,D2:2041,Depot:5867]",,,,,,,,,,,,,,success,0
core_comparison,Exact,oldenburg,2,9,175,3,2,4,8,8304.83,"[Depot:5867,S2:3559,D2:2041,Depot:5867]",,,,,,,,,,,,,,success,0
core_comparison,Exact,oldenburg,2,9,175,3,3,3,6,11564.32,"[Depot:5867,S1:2950,D1:2183,Depot:5867]",,,,,,,,,,,,,,success,0
core_comparison,Exact,oldenburg,2,10,212,1,1,5,10,13197.43,"[Depot:1871,S2:2521,D2:5051,Depot:1871]",,,,,,,,,,,,,,success,0
core_comparison,Exact,oldenburg,2,1,258,2,1,4,8,19207.84,"[Depot:3386,S2:4183,D2:3956,Depot:3386]",,,,,,,,,,,,,,success,0
core_comparison,Exact,oldenburg,2,1,258,2,2,3,6,22386.87,"[Depot:3386,S1:3479,D1:2677,Depot:3386]",,,,,,,,,,,,,,success,0
core_comparison,Exact,oldenburg,2,2,212,1,1,5,10,15655.9,"[Depot:5071,S1:3148,D1:4478,Depot:5071]",,,,,,,,,,,,,,success,0
core_comparison,Exact,oldenburg,2,3,142,1,1,1,2,10540.87,"[Depot:5859,S2:232,D2:2255,Depot:5859]",,,,,,,,,,,,,,success,0
core_comparison,Exact,oldenburg,2,4,256,1,1,3,6,22007.33,"[Depot:4407,S1:3097,D1:2159,Depot:4407]",,,,,,,,,,,,,,success,0
core_comparison,Exact,oldenburg,2,5,176,2,1,10,20,18355.88,"[Depot:2971,S2:5677,D2:3833,S1:5701,D1:5513,Depot:2971]",,,,,,,,,,,,,,success,0
core_comparison,Exact,oldenburg,2,5,176,2,2,5,10,8685.39,"[Depot:2971,S1:5701,D1:5513,Depot:2971]",,,,,,,,,,,,,,success,0
core_comparison,Exact,oldenburg,2,6,184,2,1,5,10,6882.43,"[Depot:3776,S1:1055,D1:1731,Depot:3776]",,,,,,,,,,,,,,success,0
core_comparison,Exact,oldenburg,2,6,184,2,2,1,2,11218.54,"[Depot:3776,S2:2187,D2:3674,Depot:3776]",,,,,,,,,,,,,,success,0
core_comparison,Exact,oldenburg,2,7,227,1,1,5,10,13469.92,"[Depot:4840,S2:3938,D2:3646,Depot:4840]",,,,,,,,,,,,,,success,0
core_comparison,Exact,oldenburg,2,8,139,2,1,4,8,4074.98,"[Depot:725,S2:4862,D2:1685,Depot:725]",,,,,,,,,,,,,,success,0
core_comparison,Exact,oldenburg,2,8,139,2,2,2,4,12800.32,"[Depot:725,S1:1245,D1:5740,Depot:725]",,,,,,,,,,,,,,success,0
core_comparison,Exact,oldenburg,2,9,156,3,1,7,22,18383.95,"[Depot:5867,S1:2950,S2:3559,D1:2183,D2:2041,Depot:5867]",,,,,,,,,,,,,,success,0
core_comparison,Exact,oldenburg,2,9,156,3,2,4,8,8304.83,"[Depot:5867,S2:3559,D2:2041,Depot:5867]",,,,,,,,,,,,,,success,0
core_comparison,Exact,oldenburg,2,9,156,3,3,3,6,11564.32,"[Depot:5867,S1:2950,D1:2183,Depot:5867]",,,,,,,,,,,,,,success,0
core_comparison,Exact,oldenburg,2,10,207,1,1,5,10,13197.43,"[Depot:1871,S2:2521,D2:5051,Depot:1871]",,,,,,,,,,,,,,success,0
core_comparison,Exact,oldenburg,5,1,208744,13,1,15,48,36073.16,"[Depot:5672,S1:1817,S2:4874,D1:4009,S3:5912,D2:5406,D3:3055,S4:677,D4:5533,Depot:5672]",,,,,,,,,,,,,,success,0
core_comparison,Exact,oldenburg,5,1,208744,13,2,14,38,27090.41,"[Depot:5672,S2:4874,S3:5912,D2:5406,D3:3055,S4:677,D4:5533,Depot:5672]",,,,,,,,,,,,,,success,0
core_comparison,Exact,oldenburg,5,1,208744,13,3,12,26,30028.13,"[Depot:5672,S1:1817,D1:4009,S3:5912,S5:1016,D3:3055,D5:2146,S4:677,D4:5533,Depot:5672]",,,,,,,,,,,,,,success,0
core_comparison,Exact,oldenburg,5,1,208744,13,4,11,22,27888.75,"[Depot:5672,S1:1817,D1:4009,S3:5912,D3:3055,S4:677,D4:5533,Depot:5672]",,,,,,,,,,,,,,success,0
core_comparison,Exact,oldenburg,5,1,208744,13,5,11,24,20755.22,"[Depot:5672,S3:5912,S5:1016,D3:3055,D5:2146,S4:677,D4:5533,Depot:5672]",,,,,,,,,,,,,,success,0
core_comparison,Exact,oldenburg,5,1,208744,13,6,10,20,18615.84,"[Depot:5672,S3:5912,D3:3055,S4:677,D4:5533,Depot:5672]",,,,,,,,,,,,,,success,0
core_comparison,Exact,oldenburg,5,1,208744,13,7,9,18,16844.6,"[Depot:5672,S2:4874,D2:5406,S4:677,D4:5533,Depot:5672]",,,,,,,,,,,,,,success,0
core_comparison,Exact,oldenburg,5,1,208744,13,8,7,14,26114.98,"[Depot:5672,S1:1817,D1:4009,S5:1016,D5:2146,S4:677,D4:5533,Depot:5672]",,,,,,,,,,,,,,success,0
core_comparison,Exact,oldenburg,5,1,208744,13,9,6,12,10349.5,"[Depot:5672,S5:1016,D5:2146,S4:677,D4:5533,Depot:5672]",,,,,,,,,,,,,,success,0
core_comparison,Exact,oldenburg,5,1,208744,13,10,5,10,7352.36,"[Depot:5672,S4:677,D4:5533,Depot:5672]",,,,,,,,,,,,,,success,0
core_comparison,Exact,oldenburg,5,1,208744,13,11,4,8,12344.56,"[Depot:5672,S2:4874,D2:5406,Depot:5672]",,,,,,,,,,,,,,success,0
core_comparison,Exact,oldenburg,5,1,208744,13,12,2,4,24274.6,"[Depot:5672,S1:1817,D1:4009,S5:1016,D5:2146,Depot:5672]",,,,,,,,,,,,,,success,0
core_comparison,Exact,oldenburg,5,1,208744,13,13,1,2,8509.12,"[Depot:5672,S5:1016,D5:2146,Depot:5672]",,,,,,,,,,,,,,success,0
core_comparison,Exact,oldenburg,5,2,447435,5,1,5,16,33611.81,"[Depot:1458,S5:3059,S2:2267,S1:2136,D5:2836,D2:4972,D1:5834,Depot:1458]",,,,,,,,,,,,,,success,0
core_comparison,Exact,oldenburg,5,2,447435,5,2,4,10,26014.04,"[Depot:1458,S5:3059,S1:2136,D5:2836,D1:5834,Depot:1458]",,,,,,,,,,,,,,success,0
core_comparison,Exact,oldenburg,5,2,447435,5,3,3,6,16675.25,"[Depot:1458,S5:3059,D5:2836,Depot:1458]",,,,,,,,,,,,,,success,0
core_comparison,Exact,oldenburg,5,2,447435,5,4,2,6,13235.31,"[Depot:1458,S2:2267,S1:2136,D1:5834,D2:4972,Depot:1458]",,,,,,,,,,,,,,success,0
core_comparison,Exact,oldenburg,5,2,447435,5,5,1,2,6241.91,"[Depot:1458,S1:2136,D1:5834,Depot:1458]",,,,,,,,,,,,,,success,0
core_comparison,Exact,oldenburg,5,3,341598,12,1,14,50,33923.95,"[Depot:5373,S5:3848,S1:3152,D1:3111,S2:1130,D5:1474,S4:1638,D4:4336,D2:1164,Depot:5373]",,,,,,,,,,,,,,success,0
core_comparison,Exact,oldenburg,5,3,341598,12,2,12,30,27151,"[Depot:5373,S5:3848,S2:1130,D5:1474,D2:1164,S4:1638,D4:4336,Depot:5373]",,,,,,,,,,,,,,success,0
core_comparison,Exact,oldenburg,5,3,341598,12,3,12,36,26089.55,"[Depot:5373,S5:3848,S2:1130,D5:1474,S4:1638,D4:4336,D2:1164,Depot:5373]",,,,,,,,,,,,,,success,0
core_comparison,Exact,oldenburg,5,3,341598,12,4,11,26,31682,"[Depot:5373,S5:3848,S1:3152,D5:1474,D1:3111,S4:1638,D4:4336,Depot:5373]",,,,,,,,,,,,,,success,0
core_comparison,Exact,oldenburg,5,3,341598,12,5,9,18,22345.44,"[Depot:5373,S5:3848,D5:1474,S4:1638,D4:4336,Depot:5373]",,,,,,,,,,,,,,success,0
core_comparison,Exact,oldenburg,5,3,341598,12,6,8,22,20772.7,"[Depot:5373,S5:3848,S2:1130,D5:1474,D2:1164,Depot:5373]",,,,,,,,,,,,,,success,0
core_comparison,Exact,oldenburg,5,3,341598,12,7,7,14,19119.14,"[Depot:5373,S2:1130,D2:1164,S4:1638,D4:4336,Depot:5373]",,,,,,,,,,,,,,success,0
core_comparison,Exact,oldenburg,5,3,341598,12,8,6,12,16968.91,"[Depot:5373,S1:3152,D1:3111,S4:1638,D4:4336,Depot:5373]",,,,,,,,,,,,,,success,0
core_comparison,Exact,oldenburg,5,3,341598,12,9,5,10,14676.31,"[Depot:5373,S5:3848,D5:1474,Depot:5373]",,,,,,,,,,,,,,success,0
core_comparison,Exact,oldenburg,5,3,341598,12,10,4,8,13258.85,"[Depot:5373,S4:1638,D4:4336,Depot:5373]",,,,,,,,,,,,,,success,0
core_comparison,Exact,oldenburg,5,3,341598,12,11,3,6,12740.83,"[Depot:5373,S2:1130,D2:1164,Depot:5373]",,,,,,,,,,,,,,success,0
core_comparison,Exact,oldenburg,5,3,341598,12,12,2,4,10871.73,"[Depot:5373,S1:3152,D1:3111,Depot:5373]",,,,,,,,,,,,,,success,0
core_comparison,Exact,oldenburg,5,4,305301,15,1,13,36,26973.62,"[Depot:424,S4:2214,S5:2640,D4:1520,D5:890,S2:3312,D2:5134,Depot:424]",,,,,,,,,,,,,,success,0
core_comparison,Exact,oldenburg,5,4,305301,15,2,13,44,26292.57,"[Depot:424,S4:2214,S5:2640,D4:1520,S2:3312,D5:890,D2:5134,Depot:424]",,,,,,,,,,,,,,success,0
core_comparison,Exact,oldenburg,5,4,305301,15,3,13,54,26272.91,"[Depot:424,S1:5302,S5:2640,S3:1474,D3:1089,D5:890,S2:3312,D2:5134,D1:3068,Depot:424]",,,,,,,,,,,,,,success,0
core_comparison,Exact,oldenburg,5,4,305301,15,4,12,36,21911.66,"[Depot:424,S1:5302,S5:2640,D5:890,S2:3312,D2:5134,D1:3068,Depot:424]",,,,,,,,,,,,,,success,0
core_comparison,Exact,oldenburg,5,4,305301,15,5,11,34,29049.43,"[Depot:424,S4:2214,S1:5302,D4:1520,S2:3312,D2:5134,D1:3068,Depot:424]",,,,,,,,,,,,,,success,0
core_comparison,Exact,oldenburg,5,4,305301,15,6,10,30,22569.56,"[Depot:424,S5:2640,S3:1474,D3:1089,D5:890,S2:3312,D2:5134,Depot:424]",,,,,,,,,,,,,,success,0
core_comparison,Exact,oldenburg,5,4,305301,15,7,10,38,21772.26,"[Depot:424,S5:2640,S3:1474,D3:1089,S2:3312,D5:890,D2:5134,Depot:424]",,,,,,,,,,,,,,success,0
core_comparison,Exact,oldenburg,5,4,305301,15,8,9,18,18208.31,"[Depot:424,S5:2640,D5:890,S2:3312,D2:5134,Depot:424]",,,,,,,,,,,,,,success,0
core_comparison,Exact,oldenburg,5,4,305301,15,9,9,26,17573.44,"[Depot:424,S5:2640,S2:3312,D5:890,D2:5134,Depot:424]",,,,,,,,,,,,,,success,0
core_comparison,Exact,oldenburg,5,4,305301,15,10,8,16,24636.88,"[Depot:424,S4:2214,D4:1520,S2:3312,D2:5134,Depot:424]",,,,,,,,,,,,,,success,0
core_comparison,Exact,oldenburg,5,4,305301,15,11,8,22,14739.61,"[Depot:424,S1:5302,S5:2640,D5:890,D1:3068,Depot:424]",,,,,,,,,,,,,,success,0
core_comparison,Exact,oldenburg,5,4,305301,15,12,5,10,10978.86,"[Depot:424,S5:2640,D5:890,Depot:424]",,,,,,,,,,,,,,success,0
core_comparison,Exact,oldenburg,5,4,305301,15,13,4,8,10530.83,"[Depot:424,S2:3312,D2:5134,Depot:424]",,,,,,,,,,,,,,success,0
core_comparison,Exact,oldenburg,5,4,305301,15,14,3,6,12506.08,"[Depot:424,S1:5302,D1:3068,Depot:424]",,,,,,,,,,,,,,success,0
core_comparison,Exact,oldenburg,5,4,305301,15,15,1,2,13288.17,"[Depot:424,S3:1474,D3:1089,Depot:424]",,,,,,,,,,,,,,success,0
core_comparison,Exact,oldenburg,5,5,501871,7,1,10,26,29599.48,"[Depot:661,S5:792,S2:147,D5:2804,D2:3005,S1:213,D1:2660,Depot:661]",,,,,,,,,,,,,,success,0
core_comparison,Exact,oldenburg,5,5,501871,7,2,8,24,26649.1,"[Depot:661,S2:147,D2:3005,S3:573,S1:213,D3:3467,D1:2660,Depot:661]",,,,,,,,,,,,,,success,0
core_comparison,Exact,oldenburg,5,5,501871,7,3,7,14,18479.4,"[Depot:661,S2:147,D2:3005,S1:213,D1:2660,Depot:661]",,,,,,,,,,,,,,success,0
core_comparison,Exact,oldenburg,5,5,501871,7,4,5,18,15875.72,"[Depot:661,S3:573,S1:213,D3:3467,D1:2660,Depot:661]",,,,,,,,,,,,,,success,0
core_comparison,Exact,oldenburg,5,5,501871,7,5,4,8,9589.64,"[Depot:661,S1:213,D1:2660,Depot:661]",,,,,,,,,,,,,,success,0
core_comparison,Exact,oldenburg,5,5,501871,7,6,3,6,11558.54,"[Depot:661,S2:147,D2:3005,Depot:661]",,,,,,,,,,,,,,success,0
core_comparison,Exact,oldenburg,5,5,501871,7,7,1,2,10777.26,"[Depot:661,S3:573,D3:3467,Depot:661]",,,,,,,,,,,,,,success,0
core_comparison,Exact,oldenburg,5,6,223481,11,1,8,24,22334.07,"[Depot:5174,S1:1081,S2:2158,S4:1081,D2:4746,D4:4965,S5:2487,D5:1558,D1:5046,Depot:5174]",,,,,,,,,,,,,,success,0
core_comparison,Exact,oldenburg,5,6,223481,11,2,8,32,21387.9,"[Depot:5174,S1:1081,S2:2158,S4:1081,D2:4746,S5:2487,D4:4965,D5:1558,D1:5046,Depot:5174]",,,,,,,,,,,,,,success,0
core_comparison,Exact,oldenburg,5,6,223481,11,3,7,16,21466.73,"[Depot:5174,S2:2158,S4:1081,D2:4746,D4:4965,S5:2487,D5:1558,Depot:5174]",,,,,,,,,,,,,,success,0
core_comparison,Exact,oldenburg,5,6,223481,11,4,7,18,20113.92,"[Depot:5174,S1:1081,S2:2158,D2:4746,S5:2487,D5:1558,D1:5046,Depot:5174]",,,,,,,,,,,,,,success,0
core_comparison,Exact,oldenburg,5,6,223481,11,5,6,12,19246.58,"[Depot:5174,S2:2158,D2:4746,S5:2487,D5:1558,Depot:5174]",,,,,,,,,,,,,,success,0
core_comparison,Exact,oldenburg,5,6,223481,11,6,6,16,11897.2,"[Depot:5174,S1:1081,S4:1081,D4:4965,S5:2487,D5:1558,D1:5046,Depot:5174]",,,,,,,,,,,,,,success,0
core_comparison,Exact,oldenburg,5,6,223481,11,7,5,10,11102.28,"[Depot:5174,S4:1081,D4:4965,S5:2487,D5:1558,Depot:5174]",,,,,,,,,,,,,,success,0
core_comparison,Exact,oldenburg,5,6,223481,11,8,4,8,6557.06,"[Depot:5174,S5:2487,D5:1558,Depot:5174]",,,,,,,,,,,,,,success,0
core_comparison,Exact,oldenburg,5,6,223481,11,9,2,4,15570.62,"[Depot:5174,S2:2158,D2:4746,Depot:5174]",,,,,,,,,,,,,,success,0
core_comparison,Exact,oldenburg,5,6,223481,11,10,2,6,10757.09,"[Depot:5174,S1:1081,S4:1081,D4:4965,D1:5046,Depot:5174]",,,,,,,,,,,,,,success,0
core_comparison,Exact,oldenburg,5,6,223481,11,11,1,2,8517.13,"[Depot:5174,S1:1081,D1:5046,Depot:5174]",,,,,,,,,,,,,,success,0
core_comparison,Exact,oldenburg,5,7,255523,13,1,12,24,29173.34,"[Depot:677,S4:45,D4:812,S2:420,D2:903,S3:2117,D3:5136,Depot:677]",,,,,,,,,,,,,,success,0
core_comparison,Exact,oldenburg,5,7,255523,13,2,11,30,26474.83,"[Depot:677,S5:622,S2:420,D5:4285,D2:903,S3:2117,D3:5136,Depot:677]",,,,,,,,,,,,,,success,0
core_comparison,Exact,oldenburg,5,7,255523,13,3,10,24,26267.2,"[Depot:677,S4:45,S5:622,D4:812,D5:4285,S3:2117,D3:5136,Depot:677]",,,,,,,,,,,,,,success,0
core_comparison,Exact,oldenburg,5,7,255523,13,4,10,26,25756.84,"[Depot:677,S4:45,S5:622,D5:4285,D4:812,S3:2117,D3:5136,Depot:677]",,,,,,,,,,,,,,success,0
core_comparison,Exact,oldenburg,5,7,255523,13,5,9,18,18880.27,"[Depot:677,S2:420,D2:903,S3:2117,D3:5136,Depot:677]",,,,,,,,,,,,,,success,0
core_comparison,Exact,oldenburg,5,7,255523,13,6,8,16,20855.07,"[Depot:677,S4:45,D4:812,S3:2117,D3:5136,Depot:677]",,,,,,,,,,,,,,success,0
core_comparison,Exact,oldenburg,5,7,255523,13,7,7,14,11507.01,"[Depot:677,S5:622,D5:4285,S3:2117,D3:5136,Depot:677]",,,,,,,,,,,,,,success,0
core_comparison,Exact,oldenburg,5,7,255523,13,8,7,24,11071.37,"[Depot:677,S1:288,S5:622,D5:4285,D1:4048,Depot:677]",,,,,,,,,,,,,,success,0
core_comparison,Exact,oldenburg,5,7,255523,13,9,6,12,14494.82,"[Depot:677,S5:622,D5:4285,S2:420,D2:903,Depot:677]",,,,,,,,,,,,,,success,0
core_comparison,Exact,oldenburg,5,7,255523,13,10,5,10,8601.49,"[Depot:677,S3:2117,D3:5136,Depot:677]",,,,,,,,,,,,,,success,0
core_comparison,Exact,oldenburg,5,7,255523,13,11,4,8,11038.84,"[Depot:677,S2:420,D2:903,Depot:677]",,,,,,,,,,,,,,success,0
core_comparison,Exact,oldenburg,5,7,255523,13,12,3,6,13013.63,"[Depot:677,S4:45,D4:812,Depot:677]",,,,,,,,,,,,,,success,0
core_comparison,Exact,oldenburg,5,7,255523,13,13,2,4,3737.58,"[Depot:677,S5:622,D5:4285,Depot:677]",,,,,,,,,,,,,,success,0
core_comparison,Exact,oldenburg,5,8,351771,7,1,11,30,38152.88,"[Depot:1516,S3:6008,S1:2693,D1:5397,S2:445,D2:4772,D3:3983,Depot:1516]",,,,,,,,,,,,,,success,0
core_comparison,Exact,oldenburg,5,8,351771,7,2,9,18,22591.06,"[Depot:1516,S1:2693,D1:5397,S2:445,D2:4772,Depot:1516]",,,,,,,,,,,,,,success,0
core_comparison,Exact,oldenburg,5,8,351771,7,3,7,14,19929.17,"[Depot:1516,S1:2693,D1:5397,S4:1164,D4:5638,Depot:1516]",,,,,,,,,,,,,,success,0
core_comparison,Exact,oldenburg,5,8,351771,7,4,5,10,10589.99,"[Depot:1516,S1:2693,D1:5397,Depot:1516]",,,,,,,,,,,,,,success,0
core_comparison,Exact,oldenburg,5,8,351771,7,5,4,8,14917.14,"[Depot:1516,S2:445,D2:4772,Depot:1516]",,,,,,,,,,,,,,success,0
core_comparison,Exact,oldenburg,5,8,351771,7,6,3,6,16073.16,"[Depot:1516,S5:2761,D5:5181,Depot:1516]",,,,,,,,,,,,,,success,0
core_comparison,Exact,oldenburg,5,8,351771,7,7,2,4,9339.18,"[Depot:1516,S4:1164,D4:5638,Depot:1516]",,,,,,,,,,,,,,success,0
core_comparison,Exact,oldenburg,5,9,371900,5,1,13,34,32522.36,"[Depot:200,S2:3513,S1:2804,D2:1182,D1:2331,S3:2320,D3:1332,Depot:200]",,,,,,,,,,,,,,success,0
core_comparison,Exact,oldenburg,5,9,371900,5,2,10,20,25603.6,"[Depot:200,S4:4469,D4:1590,S3:2320,D3:1332,Depot:200]",,,,,,,,,,,,,,success,0
core_comparison,Exact,oldenburg,5,9,371900,5,3,9,18,19851.54,"[Depot:200,S2:3513,D2:1182,S3:2320,D3:1332,Depot:200]",,,,,,,,,,,,,,success,0
core_comparison,Exact,oldenburg,5,9,371900,5,4,5,10,11095.7,"[Depot:200,S3:2320,D3:1332,Depot:200]",,,,,,,,,,,,,,success,0
core_comparison,Exact,oldenburg,5,9,371900,5,5,4,8,9280.5,"[Depot:200,S2:3513,D2:1182,Depot:200]",,,,,,,,,,,,,,success,0
core_comparison,Exact,oldenburg,5,10,594538,8,1,11,28,36305.8,"[Depot:342,S3:2269,S4:4362,D4:5112,D3:3196,S2:1143,D2:3566,Depot:342]",,,,,,,,,,,,,,success,0
core_comparison,Exact,oldenburg,5,10,594538,8,2,9,20,31572.58,"[Depot:342,S4:4362,S5:5382,D4:5112,D5:3808,S2:1143,D2:3566,Depot:342]",,,,,,,,,,,,,,success,0
core_comparison,Exact,oldenburg,5,10,594538,8,3,8,16,24153.75,"[Depot:342,S4:4362,D4:5112,S2:1143,D2:3566,Depot:342]",,,,,,,,,,,,,,success,0
core_comparison,Exact,oldenburg,5,10,594538,8,4,7,14,21006.36,"[Depot:342,S3:2269,D3:3196,S2:1143,D2:3566,Depot:342]",,,,,,,,,,,,,,success,0
core_comparison,Exact,oldenburg,5,10,594538,8,5,5,10,20597.95,"[Depot:342,S5:5382,D5:3808,S2:1143,D2:3566,Depot:342]",,,,,,,,,,,,,,success,0
core_comparison,Exact,oldenburg,5,10,594538,8,6,4,8,7217.41,"[Depot:342,S2:1143,D2:3566,Depot:342]",,,,,,,,,,,,,,success,0
core_comparison,Exact,oldenburg,5,10,594538,8,7,3,6,13957.73,"[Depot:342,S1:4820,D1:6017,Depot:342]",,,,,,,,,,,,,,success,0
core_comparison,Exact,oldenburg,5,10,594538,8,8,1,2,13469.62,"[Depot:342,S5:5382,D5:3808,Depot:342]",,,,,,,,,,,,,,success,0
core_comparison,Exact,oldenburg,10,1,1200000,0,0,0,0,0,,,,,,,,,,,,,,,timeout,1
core_comparison,Exact,oldenburg,10,2,1200000,0,0,0,0,0,,,,,,,,,,,,,,,timeout,1
core_comparison,Exact,oldenburg,10,3,1200000,0,0,0,0,0,,,,,,,,,,,,,,,timeout,1
core_comparison,Exact,oldenburg,10,4,1200000,0,0,0,0,0,,,,,,,,,,,,,,,timeout,1
core_comparison,Exact,oldenburg,10,5,1200000,0,0,0,0,0,,,,,,,,,,,,,,,timeout,1
core_comparison,Exact,oldenburg,10,6,1200000,0,0,0,0,0,,,,,,,,,,,,,,,timeout,1
core_comparison,Exact,oldenburg,10,7,1200000,0,0,0,0,0,,,,,,,,,,,,,,,timeout,1
core_comparison,Exact,oldenburg,10,8,1200000,0,0,0,0,0,,,,,,,,,,,,,,,timeout,1
core_comparison,Exact,oldenburg,10,9,1200000,0,0,0,0,0,,,,,,,,,,,,,,,timeout,1
core_comparison,Exact,oldenburg,10,10,1200000,0,0,0,0,0,,,,,,,,,,,,,,,timeout,1
core_comparison,OptLoad,oldenburg,2,1,219,2,1,4,4,11206.29,"[Depot:3386,S2:4183,Depot:3386]",3,7,0,0,0,0,7,3,2,2,20,28200.2,14,success,0
core_comparison,OptLoad,oldenburg,2,1,219,2,2,4,4,11206.29,"[Depot:3386,S2:4183,Depot:3386]",3,7,0,0,0,0,7,3,2,2,20,28200.2,14,success,0
core_comparison,OptLoad,oldenburg,2,2,87,0,0,0,0,0,,4,0,0,0,0,0,0,0,1,0,16,22832.28,16,success,0
core_comparison,OptLoad,oldenburg,2,3,100,0,0,0,0,0,,3,0,0,0,0,0,0,0,1,0,6,14066.9,6,success,0
core_comparison,OptLoad,oldenburg,2,4,175,0,0,0,0,0,,3,0,0,0,0,0,0,0,1,0,8,34123.31,8,success,0
core_comparison,OptLoad,oldenburg,2,5,204,1,1,0,20,18355.88,"[Depot:2971,S2:5677,D2:3833,S1:5701,D1:5513,Depot:2971]",2,9,2,0,0,2,9,2,1,1,30,17704.03,20,success,0
core_comparison,OptLoad,oldenburg,2,6,216,1,1,6,13,14407.59,"[Depot:3776,S2:2187,S1:1055,D1:1731,Depot:3776]",3,7,0,0,0,0,7,3,2,2,22,18933.3,12,success,0
core_comparison,OptLoad,oldenburg,2,7,146,1,1,0,14,15732.4,"[Depot:4840,S2:3938,D2:3646,S1:3460,D1:3783,Depot:4840]",2,8,2,0,0,2,8,2,1,1,18,18302.86,14,success,0
core_comparison,OptLoad,oldenburg,2,8,141,0,0,0,0,0,,3,4,0,0,0,0,4,2,0,0,20,14950.63,12,success,0
core_comparison,OptLoad,oldenburg,2,9,215,1,1,0,20,16853.56,"[Depot:5867,S1:2950,S2:3559,D2:2041,D1:2183,Depot:5867]",2,10,1,0,0,1,10,2,1,1,22,18383.95,14,success,0
core_comparison,OptLoad,oldenburg,2,10,124,0,0,0,0,0,,3,0,0,0,0,0,0,0,1,0,12,24590,12,success,0
core_comparison,OptLoad,oldenburg,5,1,1370,20,1,14,48,25442.67,"[Depot:5672,S2:4874,S3:5912,D2:5406,S4:677,D3:3055,D4:5533,Depot:5672]",6,32,0,0,0,0,32,12,20,20,64,44161.02,32,success,0
core_comparison,OptLoad,oldenburg,5,1,1370,20,2,14,38,27090.41,"[Depot:5672,S2:4874,S3:5912,D2:5406,D3:3055,S4:677,D4:5533,Depot:5672]",6,32,0,0,0,0,32,12,20,20,64,44161.02,32,success,0
core_comparison,OptLoad,oldenburg,5,1,1370,20,3,14,38,27090.41,"[Depot:5672,S2:4874,S3:5912,D2:5406,D3:3055,S4:677,D4:5533,Depot:5672]",6,32,0,0,0,0,32,12,20,20,64,44161.02,32,success,0
core_comparison,OptLoad,oldenburg,5,1,1370,20,4,14,38,27090.41,"[Depot:5672,S2:4874,S3:5912,D2:5406,D3:3055,S4:677,D4:5533,Depot:5672]",6,32,0,0,0,0,32,12,20,20,64,44161.02,32,success,0
core_comparison,OptLoad,oldenburg,5,1,1370,20,5,14,48,25442.67,"[Depot:5672,S2:4874,S3:5912,D2:5406,S4:677,D3:3055,D4:5533,Depot:5672]",6,32,0,0,0,0,32,12,20,20,64,44161.02,32,success,0
core_comparison,OptLoad,oldenburg,5,1,1370,20,6,14,48,25442.67,"[Depot:5672,S2:4874,S3:5912,D2:5406,S4:677,D3:3055,D4:5533,Depot:5672]",6,32,0,0,0,0,32,12,20,20,64,44161.02,32,success,0
core_comparison,OptLoad,oldenburg,5,1,1370,20,7,14,48,25442.67,"[Depot:5672,S2:4874,S3:5912,D2:5406,S4:677,D3:3055,D4:5533,Depot:5672]",6,32,0,0,0,0,32,12,20,20,64,44161.02,32,success,0
core_comparison,OptLoad,oldenburg,5,1,1370,20,8,14,38,27090.41,"[Depot:5672,S2:4874,S3:5912,D2:5406,D3:3055,S4:677,D4:5533,Depot:5672]",6,32,0,0,0,0,32,12,20,20,64,44161.02,32,success,0
core_comparison,OptLoad,oldenburg,5,1,1370,20,9,14,38,27090.41,"[Depot:5672,S2:4874,S3:5912,D2:5406,D3:3055,S4:677,D4:5533,Depot:5672]",6,32,0,0,0,0,32,12,20,20,64,44161.02,32,success,0
core_comparison,OptLoad,oldenburg,5,1,1370,20,10,14,48,25442.67,"[Depot:5672,S2:4874,S3:5912,D2:5406,S4:677,D3:3055,D4:5533,Depot:5672]",6,32,0,0,0,0,32,12,20,20,64,44161.02,32,success,0
core_comparison,OptLoad,oldenburg,5,1,1370,20,11,14,38,27090.41,"[Depot:5672,S2:4874,S3:5912,D2:5406,D3:3055,S4:677,D4:5533,Depot:5672]",6,32,0,0,0,0,32,12,20,20,64,44161.02,32,success,0
core_comparison,OptLoad,oldenburg,5,1,1370,20,12,14,48,25442.67,"[Depot:5672,S2:4874,S3:5912,D2:5406,S4:677,D3:3055,D4:5533,Depot:5672]",6,32,0,0,0,0,32,12,20,20,64,44161.02,32,success,0
core_comparison,OptLoad,oldenburg,5,1,1370,20,13,14,38,27090.41,"[Depot:5672,S2:4874,S3:5912,D2:5406,D3:3055,S4:677,D4:5533,Depot:5672]",6,32,0,0,0,0,32,12,20,20,64,44161.02,32,success,0
core_comparison,OptLoad,oldenburg,5,1,1370,20,14,14,38,27090.41,"[Depot:5672,S2:4874,S3:5912,D2:5406,D3:3055,S4:677,D4:5533,Depot:5672]",6,32,0,0,0,0,32,12,20,20,64,44161.02,32,success,0
core_comparison,OptLoad,oldenburg,5,1,1370,20,15,14,38,27090.41,"[Depot:5672,S2:4874,S3:5912,D2:5406,D3:3055,S4:677,D4:5533,Depot:5672]",6,32,0,0,0,0,32,12,20,20,64,44161.02,32,success,0
core_comparison,OptLoad,oldenburg,5,1,1370,20,16,14,48,25442.67,"[Depot:5672,S2:4874,S3:5912,D2:5406,S4:677,D3:3055,D4:5533,Depot:5672]",6,32,0,0,0,0,32,12,20,20,64,44161.02,32,success,0
core_comparison,OptLoad,oldenburg,5,1,1370,20,17,14,38,27090.41,"[Depot:5672,S2:4874,S3:5912,D2:5406,D3:3055,S4:677,D4:5533,Depot:5672]",6,32,0,0,0,0,32,12,20,20,64,44161.02,32,success,0
core_comparison,OptLoad,oldenburg,5,1,1370,20,18,14,38,27090.41,"[Depot:5672,S2:4874,S3:5912,D2:5406,D3:3055,S4:677,D4:5533,Depot:5672]",6,32,0,0,0,0,32,12,20,20,64,44161.02,32,success,0
core_comparison,OptLoad,oldenburg,5,1,1370,20,19,14,38,27090.41,"[Depot:5672,S2:4874,S3:5912,D2:5406,D3:3055,S4:677,D4:5533,Depot:5672]",6,32,0,0,0,0,32,12,20,20,64,44161.02,32,success,0
core_comparison,OptLoad,oldenburg,5,1,1370,20,20,14,48,25442.67,"[Depot:5672,S2:4874,S3:5912,D2:5406,S4:677,D3:3055,D4:5533,Depot:5672]",6,32,0,0,0,0,32,12,20,20,64,44161.02,32,success,0
core_comparison,OptLoad,oldenburg,5,2,778,7,1,11,38,35223.29,"[Depot:1458,S3:5939,S5:3059,D5:2836,S4:5584,D3:4461,D4:2744,Depot:1458]",5,25,0,0,0,0,25,8,8,8,74,56518.88,26,success,0
core_comparison,OptLoad,oldenburg,5,2,778,7,2,9,34,27292.37,"[Depot:1458,S3:5939,S1:2136,D1:5834,S4:5584,D3:4461,D4:2744,Depot:1458]",5,25,0,0,0,0,25,8,8,8,74,56518.88,26,success,0
core_comparison,OptLoad,oldenburg,5,2,778,7,3,11,38,35223.29,"[Depot:1458,S3:5939,S5:3059,D5:2836,S4:5584,D3:4461,D4:2744,Depot:1458]",5,25,0,0,0,0,25,8,8,8,74,56518.88,26,success,0
core_comparison,OptLoad,oldenburg,5,2,778,7,4,8,26,27284.16,"[Depot:1458,S3:5939,S5:3059,D5:2836,D3:4461,Depot:1458]",5,25,0,0,0,0,25,8,8,8,74,56518.88,26,success,0
core_comparison,OptLoad,oldenburg,5,2,778,7,5,8,26,27284.16,"[Depot:1458,S3:5939,S5:3059,D5:2836,D3:4461,Depot:1458]",5,25,0,0,0,0,25,8,8,8,74,56518.88,26,success,0
core_comparison,OptLoad,oldenburg,5,2,778,7,6,6,22,22329.31,"[Depot:1458,S3:5939,S1:2136,D1:5834,D3:4461,Depot:1458]",5,25,0,0,0,0,25,8,8,8,74,56518.88,26,success,0
core_comparison,OptLoad,oldenburg,5,2,778,7,7,5,10,18009.64,"[Depot:1458,S3:5939,D3:4461,Depot:1458]",5,25,0,0,0,0,25,8,8,8,74,56518.88,26,success,0
core_comparison,OptLoad,oldenburg,5,3,623,2,1,8,16,28577.47,"[Depot:5373,S2:1130,D2:1164,S4:1638,D4:4336,S3:1945,D3:3018,Depot:5373]",5,30,3,0,0,3,30,7,4,4,46,44443.74,30,success,0
core_comparison,OptLoad,oldenburg,5,3,623,2,2,8,16,28577.47,"[Depot:5373,S2:1130,D2:1164,S4:1638,D4:4336,S3:1945,D3:3018,Depot:5373]",5,30,3,0,0,3,30,7,4,4,46,44443.74,30,success,0
core_comparison,OptLoad,oldenburg,5,4,234,0,0,0,0,0,,5,9,0,0,0,0,9,4,0,0,94,34871.84,34,success,0
core_comparison,OptLoad,oldenburg,5,5,432,2,1,7,14,18479.4,"[Depot:661,S2:147,D2:3005,S1:213,D1:2660,Depot:661]",5,15,0,0,0,0,15,7,4,4,56,60253.86,32,success,0
core_comparison,OptLoad,oldenburg,5,5,432,2,2,7,14,18479.4,"[Depot:661,S2:147,D2:3005,S1:213,D1:2660,Depot:661]",5,15,0,0,0,0,15,7,4,4,56,60253.86,32,success,0
core_comparison,OptLoad,oldenburg,5,6,311,2,1,7,32,31648.77,"[Depot:5174,S3:4678,S2:2158,S4:1081,D2:4746,D4:4965,D3:3951,Depot:5174]",6,18,0,0,0,0,18,7,2,2,66,33681.78,24,success,0
core_comparison,OptLoad,oldenburg,5,6,311,2,2,4,8,16710.77,"[Depot:5174,S3:4678,D3:3951,Depot:5174]",6,18,0,0,0,0,18,7,2,2,66,33681.78,24,success,0
core_comparison,OptLoad,oldenburg,5,7,216,1,1,0,8,13350.91,"[Depot:677,S1:288,S4:45,Depot:677]",6,4,0,0,0,0,4,2,1,1,108,43259.61,38,success,0
core_comparison,OptLoad,oldenburg,5,8,282,1,1,0,30,38152.88,"[Depot:1516,S3:6008,S1:2693,D1:5397,S2:445,D2:4772,D3:3983,Depot:1516]",5,11,0,0,0,0,11,5,1,1,70,63577.96,32,success,0
core_comparison,OptLoad,oldenburg,5,9,251,1,1,0,10,9360.79,"[Depot:200,S5:5812,D5:1129,Depot:200]",6,5,0,0,0,0,5,3,1,1,110,57026.58,46,success,0
core_comparison,OptLoad,oldenburg,5,10,328,2,1,11,30,33682.65,"[Depot:342,S3:2269,S4:4362,D3:3196,D4:5112,S2:1143,D2:3566,Depot:342]",5,13,0,0,0,0,13,6,2,2,64,51451.66,30,success,0
core_comparison,OptLoad,oldenburg,5,10,328,2,2,11,28,36305.8,"[Depot:342,S3:2269,S4:4362,D4:5112,D3:3196,S2:1143,D2:3566,Depot:342]",5,13,0,0,0,0,13,6,2,2,64,51451.66,30,success,0
core_comparison,OptLoad,oldenburg,10,1,344,0,0,0,0,0,,10,14,0,0,0,0,14,8,0,0,244,99869.49,68,success,0
core_comparison,OptLoad,oldenburg,10,2,578,4,1,10,26,31133.44,"[Depot:543,S3:1004,S6:2850,S4:758,D4:3296,Depot:543]",9,18,0,0,0,0,18,8,4,4,280,100288.65,68,success,0
core_comparison,OptLoad,oldenburg,10,2,578,4,2,7,20,23059.71,"[Depot:543,S8:1667,S3:1004,S6:2850,D8:808,Depot:543]",9,18,0,0,0,0,18,8,4,4,280,100288.65,68,success,0
core_comparison,OptLoad,oldenburg,10,2,578,4,3,7,20,23059.71,"[Depot:543,S8:1667,S3:1004,S6:2850,D8:808,Depot:543]",9,18,0,0,0,0,18,8,4,4,280,100288.65,68,success,0
core_comparison,OptLoad,oldenburg,10,2,578,4,4,10,26,31133.44,"[Depot:543,S3:1004,S6:2850,S4:758,D4:3296,Depot:543]",9,18,0,0,0,0,18,8,4,4,280,100288.65,68,success,0
core_comparison,OptLoad,oldenburg,10,3,431,0,0,0,0,0,,10,16,1,1,0,0,17,7,0,0,242,83893.04,66,success,0
core_comparison,OptLoad,oldenburg,10,4,1163,4,1,15,40,35344.29,"[Depot:3811,S2:5999,S5:2934,D2:481,D5:1714,S1:987,S9:3703,D1:4726,Depot:3811]",8,37,1,1,0,0,38,11,8,8,214,95232.16,56,success,0
core_comparison,OptLoad,oldenburg,10,4,1163,4,2,15,40,35344.29,"[Depot:3811,S2:5999,S5:2934,D2:481,D5:1714,S1:987,S9:3703,D1:4726,Depot:3811]",8,37,1,1,0,0,38,11,8,8,214,95232.16,56,success,0
core_comparison,OptLoad,oldenburg,10,4,1163,4,3,15,40,35344.29,"[Depot:3811,S2:5999,S5:2934,D2:481,D5:1714,S1:987,S9:3703,D1:4726,Depot:3811]",8,37,1,1,0,0,38,11,8,8,214,95232.16,56,success,0
core_comparison,OptLoad,oldenburg,10,4,1163,4,4,15,40,35344.29,"[Depot:3811,S2:5999,S5:2934,D2:481,D5:1714,S1:987,S9:3703,D1:4726,Depot:3811]",8,37,1,1,0,0,38,11,8,8,214,95232.16,56,success,0
core_comparison,OptLoad,oldenburg,10,5,2731,120,1,14,29,36373.23,"[Depot:375,S6:609,D6:864,S10:935,D10:5647,S7:3012,S2:3735,D2:5966,Depot:375]",10,49,0,0,0,0,49,19,160,160,150,98692.49,54,success,0
core_comparison,OptLoad,oldenburg,10,5,2731,120,2,14,29,36373.23,"[Depot:375,S6:609,D6:864,S10:935,D10:5647,S7:3012,S2:3735,D2:5966,Depot:375]",10,49,0,0,0,0,49,19,160,160,150,98692.49,54,success,0
core_comparison,OptLoad,oldenburg,10,5,2731,120,3,14,29,36373.23,"[Depot:375,S6:609,D6:864,S10:935,D10:5647,S7:3012,S2:3735,D2:5966,Depot:375]",10,49,0,0,0,0,49,19,160,160,150,98692.49,54,success,0
core_comparison,OptLoad,oldenburg,10,5,2731,120,4,14,29,36373.23,"[Depot:375,S6:609,D6:864,S10:935,D10:5647,S7:3012,S2:3735,D2:5966,Depot:375]",10,49,0,0,0,0,49,19,160,160,150,98692.49,54,success,0
core_comparison,OptLoad,oldenburg,10,5,2731,120,5,14,29,36373.23,"[Depot:375,S6:609,D6:864,S10:935,D10:5647,S7:3012,S2:3735,D2:5966,Depot:375]",10,49,0,0,0,0,49,19,160,160,150,98692.49,54,success,0
core_comparison,OptLoad,oldenburg,10,5,2731,120,6,14,29,36373.23,"[Depot:375,S6:609,D6:864,S10:935,D10:5647,S7:3012,S2:3735,D2:5966,Depot:375]",10,49,0,0,0,0,49,19,160,160,150,98692.49,54,success,0
core_comparison,OptLoad,oldenburg,10,5,2731,120,7,15,31,36125.64,"[Depot:375,S6:609,D6:864,S10:935,D10:5647,S8:4198,S7:3012,D8:1683,Depot:375]",10,49,0,0,0,0,49,19,160,160,150,98692.49,54,success,0
core_comparison,OptLoad,oldenburg,10,5,2731,120,8,14,29,36373.23,"[Depot:375,S6:609,D6:864,S10:935,D10:5647,S7:3012,S2:3735,D2:5966,Depot:375]",10,49,0,0,0,0,49,19,160,160,150,98692.49,54,success,0
core_comparison,OptLoad,oldenburg,10,5,2731,120,9,14,29,36373.23,"[Depot:375,S6:609,D6:864,S10:935,D10:5647,S7:3012,S2:3735,D2:5966,Depot:375]",10,49,0,0,0,0,49,19,160,160,150,98692.49,54,success,0
core_comparison,OptLoad,oldenburg,10,5,2731,120,10,14,29,36373.23,"[Depot:375,S6:609,D6:864,S10:935,D10:5647,S7:3012,S2:3735,D2:5966,Depot:375]",10,49,0,0,0,0,49,19,160,160,150,98692.49,54,success,0
core_comparison,OptLoad,oldenburg,10,5,2731,120,11,14,29,36373.23,"[Depot:375,S6:609,D6:864,S10:935,D10:5647,S7:3012,S2:3735,D2:5966,Depot:375]",10,49,0,0,0,0,49,19,160,160,150,98692.49,54,success,0
core_comparison,OptLoad,oldenburg,10,5,2731,120,12,14,29,36373.23,"[Depot:375,S6:609,D6:864,S10:935,D10:5647,S7:3012,S2:3735,D2:5966,Depot:375]",10,49,0,0,0,0,49,19,160,160,150,98692.49,54,success,0
core_comparison,OptLoad,oldenburg,10,5,2731,120,13,14,29,36373.23,"[Depot:375,S6:609,D6:864,S10:935,D10:5647,S7:3012,S2:3735,D2:5966,Depot:375]",10,49,0,0,0,0,49,19,160,160,150,98692.49,54,success,0
core_comparison,OptLoad,oldenburg,10,5,2731,120,14,14,29,36373.23,"[Depot:375,S6:609,D6:864,S10:935,D10:5647,S7:3012,S2:3735,D2:5966,Depot:375]",10,49,0,0,0,0,49,19,160,160,150,98692.49,54,success,0
core_comparison,OptLoad,oldenburg,10,5,2731,120,15,14,29,36373.23,"[Depot:375,S6:609,D6:864,S10:935,D10:5647,S7:3012,S2:3735,D2:5966,Depot:375]",10,49,0,0,0,0,49,19,160,160,150,98692.49,54,success,0
core_comparison,OptLoad,oldenburg,10,5,2731,120,16,14,29,36373.23,"[Depot:375,S6:609,D6:864,S10:935,D10:5647,S7:3012,S2:3735,D2:5966,Depot:375]",10,49,0,0,0,0,49,19,160,160,150,98692.49,54,success,0
core_comparison,OptLoad,oldenburg,10,5,2731,120,17,14,29,36373.23,"[Depot:375,S6:609,D6:864,S10:935,D10:5647,S7:3012,S2:3735,D2:5966,Depot:375]",10,49,0,0,0,0,49,19,160,160,150,98692.49,54,success,0
core_comparison,OptLoad,oldenburg,10,5,2731,120,18,14,29,36373.23,"[Depot:375,S6:609,D6:864,S10:935,D10:5647,S7:3012,S2:3735,D2:5966,Depot:375]",10,49,0,0,0,0,49,19,160,160,150,98692.49,54,success,0
core_comparison,OptLoad,oldenburg,10,5,2731,120,19,14,29,36373.23,"[Depot:375,S6:609,D6:864,S10:935,D10:5647,S7:3012,S2:3735,D2:5966,Depot:375]",10,49,0,0,0,0,49,19,160,160,150,98692.49,54,success,0
core_comparison,OptLoad,oldenburg,10,5,2731,120,20,14,29,36373.23,"[Depot:375,S6:609,D6:864,S10:935,D10:5647,S7:3012,S2:3735,D2:5966,Depot:375]",10,49,0,0,0,0,49,19,160,160,150,98692.49,54,success,0
core_comparison,OptLoad,oldenburg,10,5,2731,120,21,14,29,36373.23,"[Depot:375,S6:609,D6:864,S10:935,D10:5647,S7:3012,S2:3735,D2:5966,Depot:375]",10,49,0,0,0,0,49,19,160,160,150,98692.49,54,success,0
core_comparison,OptLoad,oldenburg,10,5,2731,120,22,14,29,36373.23,"[Depot:375,S6:609,D6:864,S10:935,D10:5647,S7:3012,S2:3735,D2:5966,Depot:375]",10,49,0,0,0,0,49,19,160,160,150,98692.49,54,success,0
core_comparison,OptLoad,oldenburg,10,5,2731,120,23,14,29,36373.23,"[Depot:375,S6:609,D6:864,S10:935,D10:5647,S7:3012,S2:3735,D2:5966,Depot:375]",10,49,0,0,0,0,49,19,160,160,150,98692.49,54,success,0
core_comparison,OptLoad,oldenburg,10,5,2731,120,24,14,29,36373.23,"[Depot:375,S6:609,D6:864,S10:935,D10:5647,S7:3012,S2:3735,D2:5966,Depot:375]",10,49,0,0,0,0,49,19,160,160,150,98692.49,54,success,0
core_comparison,OptLoad,oldenburg,10,5,2731,120,25,15,31,36125.64,"[Depot:375,S6:609,D6:864,S10:935,D10:5647,S8:4198,S7:3012,D8:1683,Depot:375]",10,49,0,0,0,0,49,19,160,160,150,98692.49,54,success,0
core_comparison,OptLoad,oldenburg,10,5,2731,120,26,14,29,36373.23,"[Depot:375,S6:609,D6:864,S10:935,D10:5647,S7:3012,S2:3735,D2:5966,Depot:375]",10,49,0,0,0,0,49,19,160,160,150,98692.49,54,success,0
core_comparison,OptLoad,oldenburg,10,5,2731,120,27,15,31,36125.64,"[Depot:375,S6:609,D6:864,S10:935,D10:5647,S8:4198,S7:3012,D8:1683,Depot:375]",10,49,0,0,0,0,49,19,160,160,150,98692.49,54,success,0
core_comparison,OptLoad,oldenburg,10,5,2731,120,28,14,29,36373.23,"[Depot:375,S6:609,D6:864,S10:935,D10:5647,S7:3012,S2:3735,D2:5966,Depot:375]",10,49,0,0,0,0,49,19,160,160,150,98692.49,54,success,0
core_comparison,OptLoad,oldenburg,10,5,2731,120,29,14,29,36373.23,"[Depot:375,S6:609,D6:864,S10:935,D10:5647,S7:3012,S2:3735,D2:5966,Depot:375]",10,49,0,0,0,0,49,19,160,160,150,98692.49,54,success,0
core_comparison,OptLoad,oldenburg,10,5,2731,120,30,14,29,36373.23,"[Depot:375,S6:609,D6:864,S10:935,D10:5647,S7:3012,S2:3735,D2:5966,Depot:375]",10,49,0,0,0,0,49,19,160,160,150,98692.49,54,success,0
core_comparison,OptLoad,oldenburg,10,5,2731,120,31,14,29,36373.23,"[Depot:375,S6:609,D6:864,S10:935,D10:5647,S7:3012,S2:3735,D2:5966,Depot:375]",10,49,0,0,0,0,49,19,160,160,150,98692.49,54,success,0
core_comparison,OptLoad,oldenburg,10,5,2731,120,32,14,29,36373.23,"[Depot:375,S6:609,D6:864,S10:935,D10:5647,S7:3012,S2:3735,D2:5966,Depot:375]",10,49,0,0,0,0,49,19,160,160,150,98692.49,54,success,0
core_comparison,OptLoad,oldenburg,10,5,2731,120,33,14,29,36373.23,"[Depot:375,S6:609,D6:864,S10:935,D10:5647,S7:3012,S2:3735,D2:5966,Depot:375]",10,49,0,0,0,0,49,19,160,160,150,98692.49,54,success,0
core_comparison,OptLoad,oldenburg,10,5,2731,120,34,14,29,36373.23,"[Depot:375,S6:609,D6:864,S10:935,D10:5647,S7:3012,S2:3735,D2:5966,Depot:375]",10,49,0,0,0,0,49,19,160,160,150,98692.49,54,success,0
core_comparison,OptLoad,oldenburg,10,5,2731,120,35,14,29,36373.23,"[Depot:375,S6:609,D6:864,S10:935,D10:5647,S7:3012,S2:3735,D2:5966,Depot:375]",10,49,0,0,0,0,49,19,160,160,150,98692.49,54,success,0
core_comparison,OptLoad,oldenburg,10,5,2731,120,36,14,29,36373.23,"[Depot:375,S6:609,D6:864,S10:935,D10:5647,S7:3012,S2:3735,D2:5966,Depot:375]",10,49,0,0,0,0,49,19,160,160,150,98692.49,54,success,0
core_comparison,OptLoad,oldenburg,10,5,2731,120,37,14,29,36373.23,"[Depot:375,S6:609,D6:864,S10:935,D10:5647,S7:3012,S2:3735,D2:5966,Depot:375]",10,49,0,0,0,0,49,19,160,160,150,98692.49,54,success,0
core_comparison,OptLoad,oldenburg,10,5,2731,120,38,14,29,36373.23,"[Depot:375,S6:609,D6:864,S10:935,D10:5647,S7:3012,S2:3735,D2:5966,Depot:375]",10,49,0,0,0,0,49,19,160,160,150,98692.49,54,success,0
core_comparison,OptLoad,oldenburg,10,5,2731,120,39,14,29,36373.23,"[Depot:375,S6:609,D6:864,S10:935,D10:5647,S7:3012,S2:3735,D2:5966,Depot:375]",10,49,0,0,0,0,49,19,160,160,150,98692.49,54,success,0
core_comparison,OptLoad,oldenburg,10,5,2731,120,40,14,29,36373.23,"[Depot:375,S6:609,D6:864,S10:935,D10:5647,S7:3012,S2:3735,D2:5966,Depot:375]",10,49,0,0,0,0,49,19,160,160,150,98692.49,54,success,0
core_comparison,OptLoad,oldenburg,10,5,2731,120,41,15,31,36125.64,"[Depot:375,S6:609,D6:864,S10:935,D10:5647,S8:4198,S7:3012,D8:1683,Depot:375]",10,49,0,0,0,0,49,19,160,160,150,98692.49,54,success,0
core_comparison,OptLoad,oldenburg,10,5,2731,120,42,14,29,36373.23,"[Depot:375,S6:609,D6:864,S10:935,D10:5647,S7:3012,S2:3735,D2:5966,Depot:375]",10,49,0,0,0,0,49,19,160,160,150,98692.49,54,success,0
core_comparison,OptLoad,oldenburg,10,5,2731,120,43,15,31,36125.64,"[Depot:375,S6:609,D6:864,S10:935,D10:5647,S8:4198,S7:3012,D8:1683,Depot:375]",10,49,0,0,0,0,49,19,160,160,150,98692.49,54,success,0
core_comparison,OptLoad,oldenburg,10,5,2731,120,44,15,31,36125.64,"[Depot:375,S6:609,D6:864,S10:935,D10:5647,S8:4198,S7:3012,D8:1683,Depot:375]",10,49,0,0,0,0,49,19,160,160,150,98692.49,54,success,0
core_comparison,OptLoad,oldenburg,10,5,2731,120,45,15,31,36125.64,"[Depot:375,S6:609,D6:864,S10:935,D10:5647,S8:4198,S7:3012,D8:1683,Depot:375]",10,49,0,0,0,0,49,19,160,160,150,98692.49,54,success,0
core_comparison,OptLoad,oldenburg,10,5,2731,120,46,15,31,36125.64,"[Depot:375,S6:609,D6:864,S10:935,D10:5647,S8:4198,S7:3012,D8:1683,Depot:375]",10,49,0,0,0,0,49,19,160,160,150,98692.49,54,success,0
core_comparison,OptLoad,oldenburg,10,5,2731,120,47,14,29,36373.23,"[Depot:375,S6:609,D6:864,S10:935,D10:5647,S7:3012,S2:3735,D2:5966,Depot:375]",10,49,0,0,0,0,49,19,160,160,150,98692.49,54,success,0
core_comparison,OptLoad,oldenburg,10,5,2731,120,48,14,29,36373.23,"[Depot:375,S6:609,D6:864,S10:935,D10:5647,S7:3012,S2:3735,D2:5966,Depot:375]",10,49,0,0,0,0,49,19,160,160,150,98692.49,54,success,0
core_comparison,OptLoad,oldenburg,10,5,2731,120,49,14,29,36373.23,"[Depot:375,S6:609,D6:864,S10:935,D10:5647,S7:3012,S2:3735,D2:5966,Depot:375]",10,49,0,0,0,0,49,19,160,160,150,98692.49,54,success,0
core_comparison,OptLoad,oldenburg,10,5,2731,120,50,15,31,36125.64,"[Depot:375,S6:609,D6:864,S10:935,D10:5647,S8:4198,S7:3012,D8:1683,Depot:375]",10,49,0,0,0,0,49,19,160,160,150,98692.49,54,success,0
core_comparison,OptLoad,oldenburg,10,5,2731,120,51,15,31,36125.64,"[Depot:375,S6:609,D6:864,S10:935,D10:5647,S8:4198,S7:3012,D8:1683,Depot:375]",10,49,0,0,0,0,49,19,160,160,150,98692.49,54,success,0
core_comparison,OptLoad,oldenburg,10,5,2731,120,52,15,31,36125.64,"[Depot:375,S6:609,D6:864,S10:935,D10:5647,S8:4198,S7:3012,D8:1683,Depot:375]",10,49,0,0,0,0,49,19,160,160,150,98692.49,54,success,0
core_comparison,OptLoad,oldenburg,10,5,2731,120,53,14,29,36373.23,"[Depot:375,S6:609,D6:864,S10:935,D10:5647,S7:3012,S2:3735,D2:5966,Depot:375]",10,49,0,0,0,0,49,19,160,160,150,98692.49,54,success,0
core_comparison,OptLoad,oldenburg,10,5,2731,120,54,15,31,36125.64,"[Depot:375,S6:609,D6:864,S10:935,D10:5647,S8:4198,S7:3012,D8:1683,Depot:375]",10,49,0,0,0,0,49,19,160,160,150,98692.49,54,success,0
core_comparison,OptLoad,oldenburg,10,5,2731,120,55,14,29,36373.23,"[Depot:375,S6:609,D6:864,S10:935,D10:5647,S7:3012,S2:3735,D2:5966,Depot:375]",10,49,0,0,0,0,49,19,160,160,150,98692.49,54,success,0
core_comparison,OptLoad,oldenburg,10,5,2731,120,56,15,31,36125.64,"[Depot:375,S6:609,D6:864,S10:935,D10:5647,S8:4198,S7:3012,D8:1683,Depot:375]",10,49,0,0,0,0,49,19,160,160,150,98692.49,54,success,0
core_comparison,OptLoad,oldenburg,10,5,2731,120,57,14,29,36373.23,"[Depot:375,S6:609,D6:864,S10:935,D10:5647,S7:3012,S2:3735,D2:5966,Depot:375]",10,49,0,0,0,0,49,19,160,160,150,98692.49,54,success,0
core_comparison,OptLoad,oldenburg,10,5,2731,120,58,15,31,36125.64,"[Depot:375,S6:609,D6:864,S10:935,D10:5647,S8:4198,S7:3012,D8:1683,Depot:375]",10,49,0,0,0,0,49,19,160,160,150,98692.49,54,success,0
core_comparison,OptLoad,oldenburg,10,5,2731,120,59,15,31,36125.64,"[Depot:375,S6:609,D6:864,S10:935,D10:5647,S8:4198,S7:3012,D8:1683,Depot:375]",10,49,0,0,0,0,49,19,160,160,150,98692.49,54,success,0
core_comparison,OptLoad,oldenburg,10,5,2731,120,60,14,29,36373.23,"[Depot:375,S6:609,D6:864,S10:935,D10:5647,S7:3012,S2:3735,D2:5966,Depot:375]",10,49,0,0,0,0,49,19,160,160,150,98692.49,54,success,0
core_comparison,OptLoad,oldenburg,10,5,2731,120,61,14,29,36373.23,"[Depot:375,S6:609,D6:864,S10:935,D10:5647,S7:3012,S2:3735,D2:5966,Depot:375]",10,49,0,0,0,0,49,19,160,160,150,98692.49,54,success,0
core_comparison,OptLoad,oldenburg,10,5,2731,120,62,15,31,36125.64,"[Depot:375,S6:609,D6:864,S10:935,D10:5647,S8:4198,S7:3012,D8:1683,Depot:375]",10,49,0,0,0,0,49,19,160,160,150,98692.49,54,success,0
core_comparison,OptLoad,oldenburg,10,5,2731,120,63,14,29,36373.23,"[Depot:375,S6:609,D6:864,S10:935,D10:5647,S7:3012,S2:3735,D2:5966,Depot:375]",10,49,0,0,0,0,49,19,160,160,150,98692.49,54,success,0
core_comparison,OptLoad,oldenburg,10,5,2731,120,64,15,31,36125.64,"[Depot:375,S6:609,D6:864,S10:935,D10:5647,S8:4198,S7:3012,D8:1683,Depot:375]",10,49,0,0,0,0,49,19,160,160,150,98692.49,54,success,0
core_comparison,OptLoad,oldenburg,10,5,2731,120,65,14,29,36373.23,"[Depot:375,S6:609,D6:864,S10:935,D10:5647,S7:3012,S2:3735,D2:5966,Depot:375]",10,49,0,0,0,0,49,19,160,160,150,98692.49,54,success,0
core_comparison,OptLoad,oldenburg,10,5,2731,120,66,14,29,36373.23,"[Depot:375,S6:609,D6:864,S10:935,D10:5647,S7:3012,S2:3735,D2:5966,Depot:375]",10,49,0,0,0,0,49,19,160,160,150,98692.49,54,success,0
core_comparison,OptLoad,oldenburg,10,5,2731,120,67,14,29,36373.23,"[Depot:375,S6:609,D6:864,S10:935,D10:5647,S7:3012,S2:3735,D2:5966,Depot:375]",10,49,0,0,0,0,49,19,160,160,150,98692.49,54,success,0
core_comparison,OptLoad,oldenburg,10,5,2731,120,68,14,29,36373.23,"[Depot:375,S6:609,D6:864,S10:935,D10:5647,S7:3012,S2:3735,D2:5966,Depot:375]",10,49,0,0,0,0,49,19,160,160,150,98692.49,54,success,0
core_comparison,OptLoad,oldenburg,10,5,2731,120,69,15,31,36125.64,"[Depot:375,S6:609,D6:864,S10:935,D10:5647,S8:4198,S7:3012,D8:1683,Depot:375]",10,49,0,0,0,0,49,19,160,160,150,98692.49,54,success,0
core_comparison,OptLoad,oldenburg,10,5,2731,120,70,15,31,36125.64,"[Depot:375,S6:609,D6:864,S10:935,D10:5647,S8:4198,S7:3012,D8:1683,Depot:375]",10,49,0,0,0,0,49,19,160,160,150,98692.49,54,success,0
core_comparison,OptLoad,oldenburg,10,5,2731,120,71,14,29,36373.23,"[Depot:375,S6:609,D6:864,S10:935,D10:5647,S7:3012,S2:3735,D2:5966,Depot:375]",10,49,0,0,0,0,49,19,160,160,150,98692.49,54,success,0
core_comparison,OptLoad,oldenburg,10,5,2731,120,72,14,29,36373.23,"[Depot:375,S6:609,D6:864,S10:935,D10:5647,S7:3012,S2:3735,D2:5966,Depot:375]",10,49,0,0,0,0,49,19,160,160,150,98692.49,54,success,0
core_comparison,OptLoad,oldenburg,10,5,2731,120,73,14,29,36373.23,"[Depot:375,S6:609,D6:864,S10:935,D10:5647,S7:3012,S2:3735,D2:5966,Depot:375]",10,49,0,0,0,0,49,19,160,160,150,98692.49,54,success,0
core_comparison,OptLoad,oldenburg,10,5,2731,120,74,14,29,36373.23,"[Depot:375,S6:609,D6:864,S10:935,D10:5647,S7:3012,S2:3735,D2:5966,Depot:375]",10,49,0,0,0,0,49,19,160,160,150,98692.49,54,success,0
core_comparison,OptLoad,oldenburg,10,5,2731,120,75,15,31,36125.64,"[Depot:375,S6:609,D6:864,S10:935,D10:5647,S8:4198,S7:3012,D8:1683,Depot:375]",10,49,0,0,0,0,49,19,160,160,150,98692.49,54,success,0
core_comparison,OptLoad,oldenburg,10,5,2731,120,76,15,31,36125.64,"[Depot:375,S6:609,D6:864,S10:935,D10:5647,S8:4198,S7:3012,D8:1683,Depot:375]",10,49,0,0,0,0,49,19,160,160,150,98692.49,54,success,0
core_comparison,OptLoad,oldenburg,10,5,2731,120,77,15,31,36125.64,"[Depot:375,S6:609,D6:864,S10:935,D10:5647,S8:4198,S7:3012,D8:1683,Depot:375]",10,49,0,0,0,0,49,19,160,160,150,98692.49,54,success,0
core_comparison,OptLoad,oldenburg,10,5,2731,120,78,15,31,36125.64,"[Depot:375,S6:609,D6:864,S10:935,D10:5647,S8:4198,S7:3012,D8:1683,Depot:375]",10,49,0,0,0,0,49,19,160,160,150,98692.49,54,success,0
core_comparison,OptLoad,oldenburg,10,5,2731,120,79,15,31,36125.64,"[Depot:375,S6:609,D6:864,S10:935,D10:5647,S8:4198,S7:3012,D8:1683,Depot:375]",10,49,0,0,0,0,49,19,160,160,150,98692.49,54,success,0
core_comparison,OptLoad,oldenburg,10,5,2731,120,80,14,29,36373.23,"[Depot:375,S6:609,D6:864,S10:935,D10:5647,S7:3012,S2:3735,D2:5966,Depot:375]",10,49,0,0,0,0,49,19,160,160,150,98692.49,54,success,0
core_comparison,OptLoad,oldenburg,10,5,2731,120,81,14,29,36373.23,"[Depot:375,S6:609,D6:864,S10:935,D10:5647,S7:3012,S2:3735,D2:5966,Depot:375]",10,49,0,0,0,0,49,19,160,160,150,98692.49,54,success,0
core_comparison,OptLoad,oldenburg,10,5,2731,120,82,14,29,36373.23,"[Depot:375,S6:609,D6:864,S10:935,D10:5647,S7:3012,S2:3735,D2:5966,Depot:375]",10,49,0,0,0,0,49,19,160,160,150,98692.49,54,success,0
core_comparison,OptLoad,oldenburg,10,5,2731,120,83,15,31,36125.64,"[Depot:375,S6:609,D6:864,S10:935,D10:5647,S8:4198,S7:3012,D8:1683,Depot:375]",10,49,0,0,0,0,49,19,160,160,150,98692.49,54,success,0
core_comparison,OptLoad,oldenburg,10,5,2731,120,84,15,31,36125.64,"[Depot:375,S6:609,D6:864,S10:935,D10:5647,S8:4198,S7:3012,D8:1683,Depot:375]",10,49,0,0,0,0,49,19,160,160,150,98692.49,54,success,0
core_comparison,OptLoad,oldenburg,10,5,2731,120,85,14,29,36373.23,"[Depot:375,S6:609,D6:864,S10:935,D10:5647,S7:3012,S2:3735,D2:5966,Depot:375]",10,49,0,0,0,0,49,19,160,160,150,98692.49,54,success,0
core_comparison,OptLoad,oldenburg,10,5,2731,120,86,14,29,36373.23,"[Depot:375,S6:609,D6:864,S10:935,D10:5647,S7:3012,S2:3735,D2:5966,Depot:375]",10,49,0,0,0,0,49,19,160,160,150,98692.49,54,success,0
core_comparison,OptLoad,oldenburg,10,5,2731,120,87,14,29,36373.23,"[Depot:375,S6:609,D6:864,S10:935,D10:5647,S7:3012,S2:3735,D2:5966,Depot:375]",10,49,0,0,0,0,49,19,160,160,150,98692.49,54,success,0
core_comparison,OptLoad,oldenburg,10,5,2731,120,88,14,29,36373.23,"[Depot:375,S6:609,D6:864,S10:935,D10:5647,S7:3012,S2:3735,D2:5966,Depot:375]",10,49,0,0,0,0,49,19,160,160,150,98692.49,54,success,0
core_comparison,OptLoad,oldenburg,10,5,2731,120,89,15,31,36125.64,"[Depot:375,S6:609,D6:864,S10:935,D10:5647,S8:4198,S7:3012,D8:1683,Depot:375]",10,49,0,0,0,0,49,19,160,160,150,98692.49,54,success,0
core_comparison,OptLoad,oldenburg,10,5,2731,120,90,14,29,36373.23,"[Depot:375,S6:609,D6:864,S10:935,D10:5647,S7:3012,S2:3735,D2:5966,Depot:375]",10,49,0,0,0,0,49,19,160,160,150,98692.49,54,success,0
core_comparison,OptLoad,oldenburg,10,5,2731,120,91,14,29,36373.23,"[Depot:375,S6:609,D6:864,S10:935,D10:5647,S7:3012,S2:3735,D2:5966,Depot:375]",10,49,0,0,0,0,49,19,160,160,150,98692.49,54,success,0
core_comparison,OptLoad,oldenburg,10,5,2731,120,92,15,31,36125.64,"[Depot:375,S6:609,D6:864,S10:935,D10:5647,S8:4198,S7:3012,D8:1683,Depot:375]",10,49,0,0,0,0,49,19,160,160,150,98692.49,54,success,0
core_comparison,OptLoad,oldenburg,10,5,2731,120,93,15,31,36125.64,"[Depot:375,S6:609,D6:864,S10:935,D10:5647,S8:4198,S7:3012,D8:1683,Depot:375]",10,49,0,0,0,0,49,19,160,160,150,98692.49,54,success,0
core_comparison,OptLoad,oldenburg,10,5,2731,120,94,15,31,36125.64,"[Depot:375,S6:609,D6:864,S10:935,D10:5647,S8:4198,S7:3012,D8:1683,Depot:375]",10,49,0,0,0,0,49,19,160,160,150,98692.49,54,success,0
core_comparison,OptLoad,oldenburg,10,5,2731,120,95,14,29,36373.23,"[Depot:375,S6:609,D6:864,S10:935,D10:5647,S7:3012,S2:3735,D2:5966,Depot:375]",10,49,0,0,0,0,49,19,160,160,150,98692.49,54,success,0
core_comparison,OptLoad,oldenburg,10,5,2731,120,96,14,29,36373.23,"[Depot:375,S6:609,D6:864,S10:935,D10:5647,S7:3012,S2:3735,D2:5966,Depot:375]",10,49,0,0,0,0,49,19,160,160,150,98692.49,54,success,0
core_comparison,OptLoad,oldenburg,10,5,2731,120,97,15,31,36125.64,"[Depot:375,S6:609,D6:864,S10:935,D10:5647,S8:4198,S7:3012,D8:1683,Depot:375]",10,49,0,0,0,0,49,19,160,160,150,98692.49,54,success,0
core_comparison,OptLoad,oldenburg,10,5,2731,120,98,15,31,36125.64,"[Depot:375,S6:609,D6:864,S10:935,D10:5647,S8:4198,S7:3012,D8:1683,Depot:375]",10,49,0,0,0,0,49,19,160,160,150,98692.49,54,success,0
core_comparison,OptLoad,oldenburg,10,5,2731,120,99,14,29,36373.23,"[Depot:375,S6:609,D6:864,S10:935,D10:5647,S7:3012,S2:3735,D2:5966,Depot:375]",10,49,0,0,0,0,49,19,160,160,150,98692.49,54,success,0
core_comparison,OptLoad,oldenburg,10,5,2731,120,100,14,29,36373.23,"[Depot:375,S6:609,D6:864,S10:935,D10:5647,S7:3012,S2:3735,D2:5966,Depot:375]",10,49,0,0,0,0,49,19,160,160,150,98692.49,54,success,0
core_comparison,OptLoad,oldenburg,10,5,2731,120,101,14,29,36373.23,"[Depot:375,S6:609,D6:864,S10:935,D10:5647,S7:3012,S2:3735,D2:5966,Depot:375]",10,49,0,0,0,0,49,19,160,160,150,98692.49,54,success,0
core_comparison,OptLoad,oldenburg,10,5,2731,120,102,15,31,36125.64,"[Depot:375,S6:609,D6:864,S10:935,D10:5647,S8:4198,S7:3012,D8:1683,Depot:375]",10,49,0,0,0,0,49,19,160,160,150,98692.49,54,success,0
core_comparison,OptLoad,oldenburg,10,5,2731,120,103,14,29,36373.23,"[Depot:375,S6:609,D6:864,S10:935,D10:5647,S7:3012,S2:3735,D2:5966,Depot:375]",10,49,0,0,0,0,49,19,160,160,150,98692.49,54,success,0
core_comparison,OptLoad,oldenburg,10,5,2731,120,104,14,29,36373.23,"[Depot:375,S6:609,D6:864,S10:935,D10:5647,S7:3012,S2:3735,D2:5966,Depot:375]",10,49,0,0,0,0,49,19,160,160,150,98692.49,54,success,0
core_comparison,OptLoad,oldenburg,10,5,2731,120,105,14,29,36373.23,"[Depot:375,S6:609,D6:864,S10:935,D10:5647,S7:3012,S2:3735,D2:5966,Depot:375]",10,49,0,0,0,0,49,19,160,160,150,98692.49,54,success,0
core_comparison,OptLoad,oldenburg,10,5,2731,120,106,15,31,36125.64,"[Depot:375,S6:609,D6:864,S10:935,D10:5647,S8:4198,S7:3012,D8:1683,Depot:375]",10,49,0,0,0,0,49,19,160,160,150,98692.49,54,success,0
core_comparison,OptLoad,oldenburg,10,5,2731,120,107,14,29,36373.23,"[Depot:375,S6:609,D6:864,S10:935,D10:5647,S7:3012,S2:3735,D2:5966,Depot:375]",10,49,0,0,0,0,49,19,160,160,150,98692.49,54,success,0
core_comparison,OptLoad,oldenburg,10,5,2731,120,108,14,29,36373.23,"[Depot:375,S6:609,D6:864,S10:935,D10:5647,S7:3012,S2:3735,D2:5966,Depot:375]",10,49,0,0,0,0,49,19,160,160,150,98692.49,54,success,0
core_comparison,OptLoad,oldenburg,10,5,2731,120,109,15,31,36125.64,"[Depot:375,S6:609,D6:864,S10:935,D10:5647,S8:4198,S7:3012,D8:1683,Depot:375]",10,49,0,0,0,0,49,19,160,160,150,98692.49,54,success,0
core_comparison,OptLoad,oldenburg,10,5,2731,120,110,15,31,36125.64,"[Depot:375,S6:609,D6:864,S10:935,D10:5647,S8:4198,S7:3012,D8:1683,Depot:375]",10,49,0,0,0,0,49,19,160,160,150,98692.49,54,success,0
core_comparison,OptLoad,oldenburg,10,5,2731,120,111,14,29,36373.23,"[Depot:375,S6:609,D6:864,S10:935,D10:5647,S7:3012,S2:3735,D2:5966,Depot:375]",10,49,0,0,0,0,49,19,160,160,150,98692.49,54,success,0
core_comparison,OptLoad,oldenburg,10,5,2731,120,112,14,29,36373.23,"[Depot:375,S6:609,D6:864,S10:935,D10:5647,S7:3012,S2:3735,D2:5966,Depot:375]",10,49,0,0,0,0,49,19,160,160,150,98692.49,54,success,0
core_comparison,OptLoad,oldenburg,10,5,2731,120,113,15,31,36125.64,"[Depot:375,S6:609,D6:864,S10:935,D10:5647,S8:4198,S7:3012,D8:1683,Depot:375]",10,49,0,0,0,0,49,19,160,160,150,98692.49,54,success,0
core_comparison,OptLoad,oldenburg,10,5,2731,120,114,15,31,36125.64,"[Depot:375,S6:609,D6:864,S10:935,D10:5647,S8:4198,S7:3012,D8:1683,Depot:375]",10,49,0,0,0,0,49,19,160,160,150,98692.49,54,success,0
core_comparison,OptLoad,oldenburg,10,5,2731,120,115,14,29,36373.23,"[Depot:375,S6:609,D6:864,S10:935,D10:5647,S7:3012,S2:3735,D2:5966,Depot:375]",10,49,0,0,0,0,49,19,160,160,150,98692.49,54,success,0
core_comparison,OptLoad,oldenburg,10,5,2731,120,116,14,29,36373.23,"[Depot:375,S6:609,D6:864,S10:935,D10:5647,S7:3012,S2:3735,D2:5966,Depot:375]",10,49,0,0,0,0,49,19,160,160,150,98692.49,54,success,0
core_comparison,OptLoad,oldenburg,10,5,2731,120,117,14,29,36373.23,"[Depot:375,S6:609,D6:864,S10:935,D10:5647,S7:3012,S2:3735,D2:5966,Depot:375]",10,49,0,0,0,0,49,19,160,160,150,98692.49,54,success,0
core_comparison,OptLoad,oldenburg,10,5,2731,120,118,15,31,36125.64,"[Depot:375,S6:609,D6:864,S10:935,D10:5647,S8:4198,S7:3012,D8:1683,Depot:375]",10,49,0,0,0,0,49,19,160,160,150,98692.49,54,success,0
core_comparison,OptLoad,oldenburg,10,5,2731,120,119,14,29,36373.23,"[Depot:375,S6:609,D6:864,S10:935,D10:5647,S7:3012,S2:3735,D2:5966,Depot:375]",10,49,0,0,0,0,49,19,160,160,150,98692.49,54,success,0
core_comparison,OptLoad,oldenburg,10,5,2731,120,120,15,31,36125.64,"[Depot:375,S6:609,D6:864,S10:935,D10:5647,S8:4198,S7:3012,D8:1683,Depot:375]",10,49,0,0,0,0,49,19,160,160,150,98692.49,54,success,0
core_comparison,OptLoad,oldenburg,10,6,442,0,0,0,0,0,,11,32,0,0,0,0,32,11,0,0,180,95450.97,48,success,0
core_comparison,OptLoad,oldenburg,10,7,417,0,0,0,0,0,,9,24,1,1,0,0,25,10,0,0,176,95780.9,52,success,0
core_comparison,OptLoad,oldenburg,10,8,2222,40,1,13,32,23798.93,"[Depot:3883,S5:466,D5:3119,S7:1400,S2:1046,D7:1855,D2:1025,Depot:3883]",9,45,1,1,0,0,46,16,40,40,144,123546.53,56,success,0
core_comparison,OptLoad,oldenburg,10,8,2222,40,2,13,32,23798.93,"[Depot:3883,S5:466,D5:3119,S7:1400,S2:1046,D7:1855,D2:1025,Depot:3883]",9,45,1,1,0,0,46,16,40,40,144,123546.53,56,success,0
core_comparison,OptLoad,oldenburg,10,8,2222,40,3,8,16,13435.91,"[Depot:3883,S5:466,D5:3119,S2:1046,D2:1025,Depot:3883]",9,45,1,1,0,0,46,16,40,40,144,123546.53,56,success,0
core_comparison,OptLoad,oldenburg,10,8,2222,40,4,8,16,13435.91,"[Depot:3883,S5:466,D5:3119,S2:1046,D2:1025,Depot:3883]",9,45,1,1,0,0,46,16,40,40,144,123546.53,56,success,0
core_comparison,OptLoad,oldenburg,10,8,2222,40,5,13,32,23798.93,"[Depot:3883,S5:466,D5:3119,S7:1400,S2:1046,D7:1855,D2:1025,Depot:3883]",9,45,1,1,0,0,46,16,40,40,144,123546.53,56,success,0
core_comparison,OptLoad,oldenburg,10,8,2222,40,6,13,32,23798.93,"[Depot:3883,S5:466,D5:3119,S7:1400,S2:1046,D7:1855,D2:1025,Depot:3883]",9,45,1,1,0,0,46,16,40,40,144,123546.53,56,success,0
core_comparison,OptLoad,oldenburg,10,8,2222,40,7,8,16,13435.91,"[Depot:3883,S5:466,D5:3119,S2:1046,D2:1025,Depot:3883]",9,45,1,1,0,0,46,16,40,40,144,123546.53,56,success,0
core_comparison,OptLoad,oldenburg,10,8,2222,40,8,8,16,13435.91,"[Depot:3883,S5:466,D5:3119,S2:1046,D2:1025,Depot:3883]",9,45,1,1,0,0,46,16,40,40,144,123546.53,56,success,0
core_comparison,OptLoad,oldenburg,10,8,2222,40,9,13,32,23798.93,"[Depot:3883,S5:466,D5:3119,S7:1400,S2:1046,D7:1855,D2:1025,Depot:3883]",9,45,1,1,0,0,46,16,40,40,144,123546.53,56,success,0
core_comparison,OptLoad,oldenburg,10,8,2222,40,10,13,32,23798.93,"[Depot:3883,S5:466,D5:3119,S7:1400,S2:1046,D7:1855,D2:1025,Depot:3883]",9,45,1,1,0,0,46,16,40,40,144,123546.53,56,success,0
core_comparison,OptLoad,oldenburg,10,8,2222,40,11,8,16,13435.91,"[Depot:3883,S5:466,D5:3119,S2:1046,D2:1025,Depot:3883]",9,45,1,1,0,0,46,16,40,40,144,123546.53,56,success,0
core_comparison,OptLoad,oldenburg,10,8,2222,40,12,8,16,13435.91,"[Depot:3883,S5:466,D5:3119,S2:1046,D2:1025,Depot:3883]",9,45,1,1,0,0,46,16,40,40,144,123546.53,56,success,0
core_comparison,OptLoad,oldenburg,10,8,2222,40,13,8,16,13435.91,"[Depot:3883,S5:466,D5:3119,S2:1046,D2:1025,Depot:3883]",9,45,1,1,0,0,46,16,40,40,144,123546.53,56,success,0
core_comparison,OptLoad,oldenburg,10,8,2222,40,14,8,16,13435.91,"[Depot:3883,S5:466,D5:3119,S2:1046,D2:1025,Depot:3883]",9,45,1,1,0,0,46,16,40,40,144,123546.53,56,success,0
core_comparison,OptLoad,oldenburg,10,8,2222,40,15,13,32,23798.93,"[Depot:3883,S5:466,D5:3119,S7:1400,S2:1046,D7:1855,D2:1025,Depot:3883]",9,45,1,1,0,0,46,16,40,40,144,123546.53,56,success,0
core_comparison,OptLoad,oldenburg,10,8,2222,40,16,13,32,23798.93,"[Depot:3883,S5:466,D5:3119,S7:1400,S2:1046,D7:1855,D2:1025,Depot:3883]",9,45,1,1,0,0,46,16,40,40,144,123546.53,56,success,0
core_comparison,OptLoad,oldenburg,10,8,2222,40,17,8,16,13435.91,"[Depot:3883,S5:466,D5:3119,S2:1046,D2:1025,Depot:3883]",9,45,1,1,0,0,46,16,40,40,144,123546.53,56,success,0
core_comparison,OptLoad,oldenburg,10,8,2222,40,18,8,16,13435.91,"[Depot:3883,S5:466,D5:3119,S2:1046,D2:1025,Depot:3883]",9,45,1,1,0,0,46,16,40,40,144,123546.53,56,success,0
core_comparison,OptLoad,oldenburg,10,8,2222,40,19,13,32,23798.93,"[Depot:3883,S5:466,D5:3119,S7:1400,S2:1046,D7:1855,D2:1025,Depot:3883]",9,45,1,1,0,0,46,16,40,40,144,123546.53,56,success,0
core_comparison,OptLoad,oldenburg,10,8,2222,40,20,13,32,23798.93,"[Depot:3883,S5:466,D5:3119,S7:1400,S2:1046,D7:1855,D2:1025,Depot:3883]",9,45,1,1,0,0,46,16,40,40,144,123546.53,56,success,0
core_comparison,OptLoad,oldenburg,10,8,2222,40,21,13,32,23798.93,"[Depot:3883,S5:466,D5:3119,S7:1400,S2:1046,D7:1855,D2:1025,Depot:3883]",9,45,1,1,0,0,46,16,40,40,144,123546.53,56,success,0
core_comparison,OptLoad,oldenburg,10,8,2222,40,22,13,32,23798.93,"[Depot:3883,S5:466,D5:3119,S7:1400,S2:1046,D7:1855,D2:1025,Depot:3883]",9,45,1,1,0,0,46,16,40,40,144,123546.53,56,success,0
core_comparison,OptLoad,oldenburg,10,8,2222,40,23,8,16,13435.91,"[Depot:3883,S5:466,D5:3119,S2:1046,D2:1025,Depot:3883]",9,45,1,1,0,0,46,16,40,40,144,123546.53,56,success,0
core_comparison,OptLoad,oldenburg,10,8,2222,40,24,8,16,13435.91,"[Depot:3883,S5:466,D5:3119,S2:1046,D2:1025,Depot:3883]",9,45,1,1,0,0,46,16,40,40,144,123546.53,56,success,0
core_comparison,OptLoad,oldenburg,10,8,2222,40,25,8,16,13435.91,"[Depot:3883,S5:466,D5:3119,S2:1046,D2:1025,Depot:3883]",9,45,1,1,0,0,46,16,40,40,144,123546.53,56,success,0
core_comparison,OptLoad,oldenburg,10,8,2222,40,26,13,32,23798.93,"[Depot:3883,S5:466,D5:3119,S7:1400,S2:1046,D7:1855,D2:1025,Depot:3883]",9,45,1,1,0,0,46,16,40,40,144,123546.53,56,success,0
core_comparison,OptLoad,oldenburg,10,8,2222,40,27,8,16,13435.91,"[Depot:3883,S5:466,D5:3119,S2:1046,D2:1025,Depot:3883]",9,45,1,1,0,0,46,16,40,40,144,123546.53,56,success,0
core_comparison,OptLoad,oldenburg,10,8,2222,40,28,8,16,13435.91,"[Depot:3883,S5:466,D5:3119,S2:1046,D2:1025,Depot:3883]",9,45,1,1,0,0,46,16,40,40,144,123546.53,56,success,0
core_comparison,OptLoad,oldenburg,10,8,2222,40,29,8,16,13435.91,"[Depot:3883,S5:466,D5:3119,S2:1046,D2:1025,Depot:3883]",9,45,1,1,0,0,46,16,40,40,144,123546.53,56,success,0
core_comparison,OptLoad,oldenburg,10,8,2222,40,30,8,16,13435.91,"[Depot:3883,S5:466,D5:3119,S2:1046,D2:1025,Depot:3883]",9,45,1,1,0,0,46,16,40,40,144,123546.53,56,success,0
core_comparison,OptLoad,oldenburg,10,8,2222,40,31,8,16,13435.91,"[Depot:3883,S5:466,D5:3119,S2:1046,D2:1025,Depot:3883]",9,45,1,1,0,0,46,16,40,40,144,123546.53,56,success,0
core_comparison,OptLoad,oldenburg,10,8,2222,40,32,8,16,13435.91,"[Depot:3883,S5:466,D5:3119,S2:1046,D2:1025,Depot:3883]",9,45,1,1,0,0,46,16,40,40,144,123546.53,56,success,0
core_comparison,OptLoad,oldenburg,10,8,2222,40,33,13,32,23798.93,"[Depot:3883,S5:466,D5:3119,S7:1400,S2:1046,D7:1855,D2:1025,Depot:3883]",9,45,1,1,0,0,46,16,40,40,144,123546.53,56,success,0
core_comparison,OptLoad,oldenburg,10,8,2222,40,34,13,32,23798.93,"[Depot:3883,S5:466,D5:3119,S7:1400,S2:1046,D7:1855,D2:1025,Depot:3883]",9,45,1,1,0,0,46,16,40,40,144,123546.53,56,success,0
core_comparison,OptLoad,oldenburg,10,8,2222,40,35,13,32,23798.93,"[Depot:3883,S5:466,D5:3119,S7:1400,S2:1046,D7:1855,D2:1025,Depot:3883]",9,45,1,1,0,0,46,16,40,40,144,123546.53,56,success,0
core_comparison,OptLoad,oldenburg,10,8,2222,40,36,13,32,23798.93,"[Depot:3883,S5:466,D5:3119,S7:1400,S2:1046,D7:1855,D2:1025,Depot:3883]",9,45,1,1,0,0,46,16,40,40,144,123546.53,56,success,0
core_comparison,OptLoad,oldenburg,10,8,2222,40,37,8,16,13435.91,"[Depot:3883,S5:466,D5:3119,S2:1046,D2:1025,Depot:3883]",9,45,1,1,0,0,46,16,40,40,144,123546.53,56,success,0
core_comparison,OptLoad,oldenburg,10,8,2222,40,38,13,32,23798.93,"[Depot:3883,S5:466,D5:3119,S7:1400,S2:1046,D7:1855,D2:1025,Depot:3883]",9,45,1,1,0,0,46,16,40,40,144,123546.53,56,success,0
core_comparison,OptLoad,oldenburg,10,8,2222,40,39,13,32,23798.93,"[Depot:3883,S5:466,D5:3119,S7:1400,S2:1046,D7:1855,D2:1025,Depot:3883]",9,45,1,1,0,0,46,16,40,40,144,123546.53,56,success,0
core_comparison,OptLoad,oldenburg,10,8,2222,40,40,13,32,23798.93,"[Depot:3883,S5:466,D5:3119,S7:1400,S2:1046,D7:1855,D2:1025,Depot:3883]",9,45,1,1,0,0,46,16,40,40,144,123546.53,56,success,0
core_comparison,OptLoad,oldenburg,10,9,1147,12,1,13,26,30389.16,"[Depot:1855,S10:5941,D10:1780,S8:5889,D8:3631,S7:5293,D7:2689,Depot:1855]",10,40,0,0,0,0,40,14,12,12,238,99226.83,72,success,0
core_comparison,OptLoad,oldenburg,10,9,1147,12,2,13,26,30389.16,"[Depot:1855,S10:5941,D10:1780,S8:5889,D8:3631,S7:5293,D7:2689,Depot:1855]",10,40,0,0,0,0,40,14,12,12,238,99226.83,72,success,0
core_comparison,OptLoad,oldenburg,10,9,1147,12,3,13,26,30389.16,"[Depot:1855,S10:5941,D10:1780,S8:5889,D8:3631,S7:5293,D7:2689,Depot:1855]",10,40,0,0,0,0,40,14,12,12,238,99226.83,72,success,0
core_comparison,OptLoad,oldenburg,10,9,1147,12,4,13,26,30389.16,"[Depot:1855,S10:5941,D10:1780,S8:5889,D8:3631,S7:5293,D7:2689,Depot:1855]",10,40,0,0,0,0,40,14,12,12,238,99226.83,72,success,0
core_comparison,OptLoad,oldenburg,10,9,1147,12,5,13,26,30389.16,"[Depot:1855,S10:5941,D10:1780,S8:5889,D8:3631,S7:5293,D7:2689,Depot:1855]",10,40,0,0,0,0,40,14,12,12,238,99226.83,72,success,0
core_comparison,OptLoad,oldenburg,10,9,1147,12,6,13,26,30389.16,"[Depot:1855,S10:5941,D10:1780,S8:5889,D8:3631,S7:5293,D7:2689,Depot:1855]",10,40,0,0,0,0,40,14,12,12,238,99226.83,72,success,0
core_comparison,OptLoad,oldenburg,10,9,1147,12,7,9,18,23920.61,"[Depot:1855,S8:5889,D8:3631,S7:5293,D7:2689,Depot:1855]",10,40,0,0,0,0,40,14,12,12,238,99226.83,72,success,0
core_comparison,OptLoad,oldenburg,10,9,1147,12,8,9,18,23920.61,"[Depot:1855,S8:5889,D8:3631,S7:5293,D7:2689,Depot:1855]",10,40,0,0,0,0,40,14,12,12,238,99226.83,72,success,0
core_comparison,OptLoad,oldenburg,10,9,1147,12,9,10,30,21874.39,"[Depot:1855,S9:638,S8:5889,D8:3631,D9:3075,Depot:1855]",10,40,0,0,0,0,40,14,12,12,238,99226.83,72,success,0
core_comparison,OptLoad,oldenburg,10,9,1147,12,10,13,26,30389.16,"[Depot:1855,S10:5941,D10:1780,S8:5889,D8:3631,S7:5293,D7:2689,Depot:1855]",10,40,0,0,0,0,40,14,12,12,238,99226.83,72,success,0
core_comparison,OptLoad,oldenburg,10,9,1147,12,11,13,26,30389.16,"[Depot:1855,S10:5941,D10:1780,S8:5889,D8:3631,S7:5293,D7:2689,Depot:1855]",10,40,0,0,0,0,40,14,12,12,238,99226.83,72,success,0
core_comparison,OptLoad,oldenburg,10,9,1147,12,12,10,30,21874.39,"[Depot:1855,S9:638,S8:5889,D8:3631,D9:3075,Depot:1855]",10,40,0,0,0,0,40,14,12,12,238,99226.83,72,success,0
core_comparison,OptLoad,oldenburg,10,10,539,3,1,11,28,27541.52,"[Depot:5419,S5:4519,D5:1194,S1:962,S3:3080,D1:5016,D3:741,Depot:5419]",10,29,0,0,0,0,29,8,3,3,298,111076.73,72,success,0
core_comparison,OptLoad,oldenburg,10,10,539,3,2,11,28,27541.52,"[Depot:5419,S5:4519,D5:1194,S1:962,S3:3080,D1:5016,D3:741,Depot:5419]",10,29,0,0,0,0,29,8,3,3,298,111076.73,72,success,0
core_comparison,OptLoad,oldenburg,10,10,539,3,3,8,16,22049.49,"[Depot:5419,S5:4519,D5:1194,S3:3080,D3:741,Depot:5419]",10,29,0,0,0,0,29,8,3,3,298,111076.73,72,success,0
